{
	"tempHash": "0057CF838F7C947A",
	"tbluHash": "000626A481DFEE08",
	"rootEntity": "22ea5f8267450642",
	"entities": {
		"22ea5f8267450642": {
			"parent": null,
			"name": "OUTFIT_Agent47_raincoat_HeroA_V0",
			"factory": "[assembly:/templates/aspectdummy.aspect]([modules:/zlinkedproxyentity.class].entitytype,[modules:/zclothcharacterentity.class].entitytype,[modules:/zheroidlenetworkaspect.class].entitytype).pc_entitytype",
			"blueprint": "[assembly:/templates/aspectdummy.aspect]([modules:/zlinkedproxyentity.class].entitytype,[modules:/zclothcharacterentity.class].entitytype,[modules:/zheroidlenetworkaspect.class].entitytype).pc_entityblueprint",
			"properties": {
				"m_ResourceID": {
					"type": "ZRuntimeResourceID",
					"value": null
				},
				"m_fLODScale": { "type": "float32", "value": 1.0 },
				"m_mTransform": {
					"type": "SMatrix43",
					"value": {
						"rotation": { "x": -0.0, "y": 0.0, "z": -0.0 },
						"position": {
							"x": 39.068450927734375,
							"y": 4.066530227661133,
							"z": 0.0
						}
					}
				},
				"m_pBonesAndCollisionResource": {
					"type": "ZRuntimeResourceID",
					"value": {
						"resource": "0017416135CF879C",
						"flag": "5F"
					}
				},
				"m_bUsePerVertexStiffness": {
					"type": "bool",
					"value": true
				},
				"m_LocalColliders": {
					"type": "TArray<SEntityTemplateReference>",
					"value": []
				},
				"m_bGlobalCollidersEnabled": {
					"type": "bool",
					"value": false
				},
				"m_fDamping": { "type": "float32", "value": 1.0 },
				"m_fBendStiffness": { "type": "float32", "value": 1.0 },
				"m_bUsePerVertexDamping": {
					"type": "bool",
					"value": true
				},
				"m_fShearStiffness": { "type": "float32", "value": 1.0 },
				"m_bUseSkinningPosNormalConstrains": {
					"type": "bool",
					"value": true
				},
				"m_bUseSkinningNegNormalConstrains": {
					"type": "bool",
					"value": true
				},
				"m_nIterations": { "type": "uint32", "value": 2 },
				"m_fFrequency": { "type": "float32", "value": 90.0 },
				"m_vTranslationScale": {
					"type": "SVector3",
					"value": {
						"x": 0.10000000149011612,
						"y": 0.10000000149011612,
						"z": 0.10000000149011612
					}
				},
				"m_vGravity": {
					"type": "SVector3",
					"value": { "x": 0.0, "y": 0.0, "z": -13.0 }
				},
				"m_fLODOffset": { "type": "float32", "value": 100.0 },
				"m_fDragConstant": { "type": "float32", "value": 1.0 },
				"m_eStretchConstrainType": {
					"type": "EClothStretchConstrainType",
					"value": "eClothBendConstrainType_LRA"
				},
				"m_fAngularVelocityThreshold": {
					"type": "float32",
					"value": 60.0
				},
				"m_eRootBone": {
					"type": "BoneId.Enum",
					"value": "PELVIS"
				},
				"m_bEnableAngularVelocityScale": {
					"type": "bool",
					"value": true
				},
				"m_eBendConstrainType": {
					"type": "EClothBendConstrainType",
					"value": "eClothBendConstrainType_Triangle"
				},
				"m_bRandomStartState": { "type": "bool", "value": true },
				"m_fWindConstant": {
					"type": "float32",
					"value": 0.10000000149011612
				},
				"m_bSimulationEnabled": { "type": "bool", "value": true },
				"m_aBodyParts": {
					"type": "TArray<SEntityTemplateReference>",
					"value": [
						"ca9e86cfdaed4c16",
						"cafe0cfaad0d2a82",
						"cafe062c91259294",
						"cafe4a689392090e",
						"cafe0e7377be247b",
						"cafe62d4e6c137c0",
						"cafec1f5b2a03989",
						"cafead8f4cfeb523",
						"cafe7a4fe5b52190"
					],
					"postInit": true
				}
			}
		},
		"ca9e86cfdaed4c16": {
			"parent": "22ea5f8267450642",
			"name": "Head_47",
			"factory": "00537D16B5CE7286",
			"blueprint": "00F2E4A932ECAA63"
		},
		"cafe3f9e7dba563e": {
			"parent": "cafee693942f8158",
			"name": "hat_cap_snapbuckle",
			"factory": "00AB23C3697D314C",
			"blueprint": "00055CE9C9EB9DE4",
			"properties": {
				"m_mTransform": {
					"type": "SMatrix43",
					"value": {
						"rotation": {
							"x": 161.3013781876086,
							"y": 89.06905785117459,
							"z": 14.21791764016538
						},
						"position": {
							"x": 0.08712399750947952,
							"y": 0.02268500067293644,
							"z": -0.0004299999854993075
						}
					}
				},
				"m_PrimitiveScale": {
					"type": "SVector3",
					"value": {
						"x": 0.9777730107307434,
						"y": 0.9340909719467164,
						"z": 1.0
					}
				},
				"Diffuse_Color_01_Value": {
					"type": "SColorRGB",
					"value": "#dbd0b4"
				},
				"m_rLinkedProxyEntity": {
					"type": "SEntityTemplateReference",
					"value": "22ea5f8267450642"
				},
				"m_eidParent": {
					"type": "SEntityTemplateReference",
					"value": "cafee693942f8158",
					"postInit": true
				}
			}
		},
		"cafee693942f8158": {
			"parent": "22ea5f8267450642",
			"name": "Head_Attacher",
			"factory": "[assembly:/templates/aspectdummy.aspect]([modules:/zcompositeentity.class].entitytype,[modules:/zboneattachaspect.class].entitytype).pc_entitytype",
			"blueprint": "[assembly:/templates/aspectdummy.aspect]([modules:/zcompositeentity.class].entitytype,[modules:/zboneattachaspect.class].entitytype).pc_entityblueprint",
			"properties": {
				"m_BoneName": { "type": "ZString", "value": "Head" },
				"m_linkedEntity": {
					"type": "SEntityTemplateReference",
					"value": "22ea5f8267450642"
				},
				"m_eidParent": {
					"type": "SEntityTemplateReference",
					"value": "22ea5f8267450642"
				}
			},
			"inputCopying": {
				"ConstantVector1D_06_Value": {
					"ConstantVector1D_06_Value": ["cafe3f9e7dba563e"]
				},
				"ConstantVector1D_14_Value": {
					"ConstantVector1D_14_Value": ["cafe3f9e7dba563e"]
				},
				"ConstantVector1D_15_Value": {
					"ConstantVector1D_15_Value": ["cafe3f9e7dba563e"]
				},
				"ConstantVector1D_01_Value": {
					"ConstantVector1D_01_Value": ["cafe3f9e7dba563e"]
				}
			}
		},
		"cafe0cfaad0d2a82": {
			"parent": "22ea5f8267450642",
			"name": "Shoes_Derby_PlainToe_SquareTip",
			"factory": "0002AF51C3F2ECC9",
			"blueprint": "00C8130EBB5A0F37",
			"properties": {
				"Diffuse_Color_01_Value": {
					"type": "SColorRGB",
					"value": "#3b3b3b"
				}
			}
		},
		"cafe062c91259294": {
			"parent": "22ea5f8267450642",
			"name": "Socks_Ankle_Cut_Shoe",
			"factory": "00C50F4D59B78463",
			"blueprint": "0060BDFBAAFA9324",
			"properties": {
				"Diffuse_Color_01_Value": {
					"type": "SColorRGB",
					"value": "#3d3d3d"
				}
			}
		},
		"cafe4a689392090e": {
			"parent": "22ea5f8267450642",
			"name": "Pants_Dress_Regular",
			"factory": "00324595397CC0A5",
			"blueprint": "00D58D62EFA4579E",
			"properties": {
				"Diffuse_Color_01_Value": {
					"type": "SColorRGB",
					"value": "#2c2c2c"
				},
				"Texture2D_01": {
					"type": "ZRuntimeResourceID",
					"value": {
						"resource": "00AF802D36A4241A",
						"flag": "5F"
					}
				},
				"ConstantVector1D_01_Value": {
					"type": "float32",
					"value": 0.5
				}
			}
		},
		"cafe0e7377be247b": {
			"parent": "22ea5f8267450642",
			"name": "Coat_Trench_Open_Short",
			"factory": "002E97155E1427B2",
			"blueprint": "00AEEE92E7694E6D",
			"properties": {
				"Diffuse_Color_01_Value": {
					"type": "SColorRGB",
					"value": "#3f4e5a"
				},
				"Diffuse_Saturation_01_Value": {
					"type": "float32",
					"value": 0.20000000298023224
				},
				"Diffuse_Color_01_Value_1": {
					"type": "SColorRGB",
					"value": "#666666"
				}
			}
		},
		"cafe62d4e6c137c0": {
			"parent": "22ea5f8267450642",
			"name": "Sweater_Turtleneck_SlimFit_Tkd_Cut_Jacket",
			"factory": "006BB0F514F481F0",
			"blueprint": "009FE4B8AB865A02",
			"properties": {
				"Diffuse_Color_01_Value": {
					"type": "SColorRGB",
					"value": "#363636"
				}
			}
		},
		"cafec1f5b2a03989": {
			"parent": "22ea5f8267450642",
			"name": "Arms_Elbow_Wrist",
			"factory": "00FCC39B2F164A8C",
			"blueprint": "0011153A1CE6AF9C"
		},
		"cafead8f4cfeb523": {
			"parent": "22ea5f8267450642",
			"name": "Belt_SnapBuckle",
			"factory": "00374424F12366CA",
			"blueprint": "000E31C6E6B40637",
			"properties": {
				"Diffuse_Color_01_Value": {
					"type": "SColorRGB",
					"value": "#2e2117"
				},
				"Diffuse_Hue_Shift_01_Value": {
					"type": "float32",
					"value": 0.0
				}
			}
		},
		"cafe7a4fe5b52190": {
			"parent": "22ea5f8267450642",
			"name": "Agent47_Gloves_Driving",
			"factory": "008897FB54E3DB82",
			"blueprint": "00F716010CB776C3"
		},
		"cafec116186157e4": {
			"parent": "22ea5f8267450642",
			"name": "FX_Hitman_Wet_Logic_Character",
			"factory": "0067CFB703A80787",
			"blueprint": "00AA88C960CD2080",
			"properties": {
				"HeadMaterialToOverride": {
					"type": "ZRuntimeResourceID",
					"value": {
						"resource": "009F7978C601815A",
						"flag": "5F"
					}
				},
				"HeadMaterialOverride": {
					"type": "TArray<SEntityTemplateReference>",
					"value": ["22ea5f8267450642"],
					"postInit": true
				}
			},
			"events": {
				"HitmanWetness": {
					"T": [
						"cafe1fc394f78165",
						"cafe4201882de332",
						"cafed7b9e6bd0aef",
						"cafe28c851a6a6f8"
					]
				}
			}
		},
		"cafed7b9e6bd0aef": {
			"parent": "cafec116186157e4",
			"name": "Lerp roughness fabric",
			"factory": "[modules:/zmathlerp.class].pc_entitytype",
			"blueprint": "[modules:/zmathlerp.class].pc_entityblueprint",
			"properties": {
				"m_A": { "type": "float32", "value": 1.0 },
				"m_fT": { "type": "float32", "value": 0.0 },
				"m_B": { "type": "float32", "value": 2.0 }
			},
			"events": { "Lerp": { "ConstantVector1D_14_Value": [] } }
		},
		"cafe4201882de332": {
			"parent": "cafec116186157e4",
			"name": "Lerp bumpmap",
			"factory": "[modules:/zmathlerp.class].pc_entitytype",
			"blueprint": "[modules:/zmathlerp.class].pc_entityblueprint",
			"properties": {
				"m_fT": { "type": "float32", "value": 0.0 },
				"m_B": { "type": "float32", "value": 0.30000001192092896 }
			},
			"events": { "Lerp": { "ConstantVector1D_06_Value": [] } }
		},
		"cafe28c851a6a6f8": {
			"parent": "cafec116186157e4",
			"name": "Lerp roughness other",
			"factory": "[modules:/zmathlerp.class].pc_entitytype",
			"blueprint": "[modules:/zmathlerp.class].pc_entityblueprint",
			"properties": {
				"m_B": { "type": "float32", "value": 0.4000000059604645 },
				"m_A": { "type": "float32", "value": 0.0 },
				"m_fT": { "type": "float32", "value": 0.0 }
			},
			"events": {
				"Lerp": {
					"ConstantVector1D_04_Value": [
						"ca9e86cfdaed4c16",
						"cafe0cfaad0d2a82",
						"cafec1f5b2a03989",
						"cafe7a4fe5b52190"
					]
				}
			}
		},
		"cafe1fc394f78165": {
			"parent": "cafec116186157e4",
			"name": "Lerp albedo",
			"factory": "[modules:/zmathlerp.class].pc_entitytype",
			"blueprint": "[modules:/zmathlerp.class].pc_entityblueprint",
			"properties": {
				"m_fT": { "type": "float32", "value": 0.0 },
				"m_B": { "type": "float32", "value": 0.20000000298023224 }
			},
			"events": { "Lerp": { "ConstantVector1D_01_Value": [] } }
		}
	},
	"propertyOverrides": [],
	"overrideDeletes": [],
	"pinConnectionOverrides": [],
	"pinConnectionOverrideDeletes": [],
	"externalScenes": [],
	"subType": "template",
	"quickEntityVersion": 3.1,
	"extraFactoryDependencies": [
		{
			"resource": "[assembly:/_pro/characters/assets/individuals/paris/philip/textures/male_reg_philip_01_tie_01.texture?/specular_f.tex](ascolormap).pc_tex",
			"flag": "5F"
		},
		{
			"resource": "[assembly:/_pro/characters/assets/individuals/paris/philip/textures/male_reg_philip_01_tie_01.texture?/normal_a.tex](asnormalmap).pc_tex",
			"flag": "5F"
		},
		{ "resource": "00357C8C30F5EDF2", "flag": "5F" },
		{ "resource": "00324339E7353795", "flag": "5F" },
		{ "resource": "00C197DBB1B74FF6", "flag": "5F" },
		{ "resource": "007E2F6DB1068A8D", "flag": "5F" },
		{ "resource": "00AAD107E192CFAE", "flag": "5F" },
		{ "resource": "0063B05E0712FBB3", "flag": "5F" },
		{ "resource": "007D850436B0A092", "flag": "5F" },
		{ "resource": "00D247582859CA87", "flag": "5F" },
		{ "resource": "00D20CA72E352D16", "flag": "5F" },
		{ "resource": "001EE759F57B6DCE", "flag": "5F" },
		{ "resource": "0051A1136DC9485E", "flag": "5F" },
		{ "resource": "00E4CE86EE7A5CC2", "flag": "5F" },
		{ "resource": "00FFC5352D7A5D64", "flag": "5F" },
		{ "resource": "001083E516801F5E", "flag": "5F" },
		{ "resource": "002E38C4C7E4A025", "flag": "5F" },
		{ "resource": "00D8722973695FDC", "flag": "5F" },
		{ "resource": "00CCF189D80F8682", "flag": "5F" },
		{ "resource": "008352F84E1949F2", "flag": "5F" },
		{ "resource": "0062E48BEB6DF280", "flag": "5F" },
		{ "resource": "006A3CDF8C2ED4E6", "flag": "5F" },
		{ "resource": "006A40A918C06460", "flag": "5F" },
		{ "resource": "00B40E9503CF9271", "flag": "5F" }
	],
	"extraBlueprintDependencies": [],
	"comments": []
}
