{
	"tempHash": "00097AA87B144150",
	"tbluHash": "00E738E7CF7A35E1",
	"patch": [
		{
			"SubEntityOperation": [
				"b82fe7320e4ce6a4",
				{
					"SetFactory": "[assembly:/_pro/characters/templates/hero/agent47/agent47_outfits.template?/charset_agent47_raincoat.entitytemplate].pc_entitytype"
				}
			]
		},
		{
			"SubEntityOperation": [
				"b82fe7320e4ce6a4",
				{
					"SetBlueprint": "[assembly:/_pro/characters/templates/hero/agent47/agent47_outfits.template?/charset_agent47_raincoat.entitytemplate].pc_entityblueprint"
				}
			]
		},
		{
			"SubEntityOperation": [
				"f2036fd6e1d91f5e",
				{ "RemovePropertyByName": "m_DamageMultipliers" }
			]
		},
		{
			"SubEntityOperation": [
				"f2036fd6e1d91f5e",
				{ "RemovePropertyByName": "m_bWeaponsAllowed" }
			]
		},
		{
			"SubEntityOperation": [
				"f2036fd6e1d91f5e",
				{
					"SetPropertyValue": {
						"property_name": "m_eOutfitAICategory",
						"value": "OAC_Fallback"
					}
				}
			]
		}
	],
	"patchVersion": 6
}
