{
	"tempHash": "00097AA87B144150",
	"tbluHash": "00E738E7CF7A35E1",
	"patch": [
		{
			"SubEntityOperation": [
				"d519be11a2f1ea09",
				{
					"SetFactory": "[assembly:/_pro/characters/templates/hero/agent47/agent47_outfits.template?/charset_agent47_combatgear.entitytemplate].pc_entitytype"
				}
			]
		},
		{
			"SubEntityOperation": [
				"d519be11a2f1ea09",
				{
					"SetBlueprint": "[assembly:/_pro/characters/templates/hero/agent47/agent47_outfits.template?/charset_agent47_combatgear.entitytemplate].pc_entityblueprint"
				}
			]
		},
		{
			"SubEntityOperation": [
				"aced1f8ec5cf3f65",
				{
					"AddProperty": [
						"m_bWeaponsAllowed",
						{ "type": "bool", "value": true }
					]
				}
			]
		},
		{
			"SubEntityOperation": [
				"aced1f8ec5cf3f65",
				{
					"AddProperty": [
						"m_aWeaponsAllowedExceptionKeywords",
						{
							"type": "TArray<SEntityTemplateReference>",
							"value": ["cafedfc5d9382829"],
							"postInit": true
						}
					]
				}
			]
		},
		{
			"AddEntity": [
				"cafedfc5d9382829",
				{
					"parent": "aced1f8ec5cf3f65",
					"name": "Keyword_ITEM_SNIPER_RIFLE",
					"factory": "[assembly:/_pro/design/gamecore/keywords/keyworditems.template?/keyword_item_sniper_rifle.entitytemplate].pc_entitytype",
					"blueprint": "[assembly:/_pro/design/gamecore/keywords/keyworditems.template?/keyword_item_sniper_rifle.entitytemplate].pc_entityblueprint"
				}
			]
		}
	],
	"patchVersion": 6
}
