{
	"tempHash": "00097AA87B144150",
	"tbluHash": "00E738E7CF7A35E1",
	"patch": [
		{
			"SubEntityOperation": [
				"6d3ace70d791811b",
				{
					"SetFactory": "[assembly:/_pro/characters/templates/hero/agent47/agent47_outfits.template?/charset_agent47_bluesilver.entitytemplate].pc_entitytype"
				}
			]
		},
		{
			"SubEntityOperation": [
				"6d3ace70d791811b",
				{
					"SetBlueprint": "[assembly:/_pro/characters/templates/hero/agent47/agent47_outfits.template?/charset_agent47_bluesilver.entitytemplate].pc_entityblueprint"
				}
			]
		},
		{
			"SubEntityOperation": [
				"b97f45c2f577defc",
				{
					"SetPropertyValue": {
						"property_name": "m_eSoundFootwearType",
						"value": "EFWT_LEATHER"
					}
				}
			]
		},
		{
			"SubEntityOperation": [
				"b97f45c2f577defc",
				{
					"SetPropertyValue": {
						"property_name": "m_eOutfitAICategory",
						"value": "OAC_47STARTCLASSY"
					}
				}
			]
		}
	],
	"patchVersion": 6
}
