{
	"tempHash": "00097AA87B144150",
	"tbluHash": "00E738E7CF7A35E1",
	"patch": [
		{
			"SubEntityOperation": [
				"f487d9c1dea2852c",
				{ "SetFactory": "00F7168721546778" }
			]
		},
		{
			"SubEntityOperation": [
				"f487d9c1dea2852c",
				{ "SetBlueprint": "003203803636E8D6" }
			]
		},
		{
			"SubEntityOperation": [
				"35b64e952cd0d971",
				{
					"SetPropertyValue": {
						"property_name": "m_eSoundFootwearType",
						"value": "EFWT_SNEAKERS"
					}
				}
			]
		},
		{
			"SubEntityOperation": [
				"35b64e952cd0d971",
				{
					"SetPropertyValue": {
						"property_name": "m_eOutfitAICategory",
						"value": "OAC_Fallback"
					}
				}
			]
		}
	],
	"patchVersion": 6
}
