{
	"tempHash": "00737D5A624C256D",
	"tbluHash": "00FD4BAE4E87BBB6",
	"rootEntity": "22ea5f8267450642",
	"entities": {
		"22ea5f8267450642": {
			"parent": null,
			"name": "OUTFIT_Agent47_Quantington_HeroA_V0",
			"factory": "[assembly:/templates/aspectdummy.aspect]([modules:/zlinkedproxyentity.class].entitytype,[modules:/zclothcharacterentity.class].entitytype,[modules:/zheroidlenetworkaspect.class].entitytype).pc_entitytype",
			"blueprint": "[assembly:/templates/aspectdummy.aspect]([modules:/zlinkedproxyentity.class].entitytype,[modules:/zclothcharacterentity.class].entitytype,[modules:/zheroidlenetworkaspect.class].entitytype).pc_entityblueprint",
			"properties": {
				"m_ResourceID": {
					"type": "ZRuntimeResourceID",
					"value": null
				},
				"m_fLODScale": { "type": "float32", "value": 1.0 },
				"m_mTransform": {
					"type": "SMatrix43",
					"value": {
						"rotation": { "x": -0.0, "y": 0.0, "z": -0.0 },
						"position": {
							"x": 39.068450927734375,
							"y": 4.066530227661133,
							"z": 0.0
						}
					}
				},
				"m_pBonesAndCollisionResource": {
					"type": "ZRuntimeResourceID",
					"value": {
						"resource": "0017416135CF879C",
						"flag": "5F"
					}
				},
				"m_bUsePerVertexStiffness": {
					"type": "bool",
					"value": true
				},
				"m_LocalColliders": {
					"type": "TArray<SEntityTemplateReference>",
					"value": []
				},
				"m_bGlobalCollidersEnabled": {
					"type": "bool",
					"value": false
				},
				"m_fDamping": { "type": "float32", "value": 1.0 },
				"m_fBendStiffness": { "type": "float32", "value": 1.0 },
				"m_bUsePerVertexDamping": {
					"type": "bool",
					"value": true
				},
				"m_fShearStiffness": { "type": "float32", "value": 1.0 },
				"m_bUseSkinningPosNormalConstrains": {
					"type": "bool",
					"value": true
				},
				"m_bUseSkinningNegNormalConstrains": {
					"type": "bool",
					"value": true
				},
				"m_nIterations": { "type": "uint32", "value": 2 },
				"m_fFrequency": { "type": "float32", "value": 90.0 },
				"m_vTranslationScale": {
					"type": "SVector3",
					"value": {
						"x": 0.10000000149011612,
						"y": 0.10000000149011612,
						"z": 0.10000000149011612
					}
				},
				"m_vGravity": {
					"type": "SVector3",
					"value": { "x": 0.0, "y": 0.0, "z": -13.0 }
				},
				"m_fLODOffset": { "type": "float32", "value": 100.0 },
				"m_fDragConstant": { "type": "float32", "value": 1.0 },
				"m_eStretchConstrainType": {
					"type": "EClothStretchConstrainType",
					"value": "eClothBendConstrainType_LRA"
				},
				"m_fAngularVelocityThreshold": {
					"type": "float32",
					"value": 60.0
				},
				"m_eRootBone": {
					"type": "BoneId.Enum",
					"value": "PELVIS"
				},
				"m_bEnableAngularVelocityScale": {
					"type": "bool",
					"value": true
				},
				"m_eBendConstrainType": {
					"type": "EClothBendConstrainType",
					"value": "eClothBendConstrainType_Triangle"
				},
				"m_bRandomStartState": { "type": "bool", "value": true },
				"m_fWindConstant": {
					"type": "float32",
					"value": 0.10000000149011612
				},
				"m_bSimulationEnabled": { "type": "bool", "value": true },
				"m_aBodyParts": {
					"type": "TArray<SEntityTemplateReference>",
					"value": [
						"cafe1825a008497d",
						"cafe987ce83bc7e0",
						"cafee08099dea437",
						"cafe508d3780df32",
						"cafe6b34e53e8d4b",
						"cafeff4823f4d5ae",
						"cafe7177166a748d"
					],
					"postInit": true
				}
			}
		},
		"cafe1825a008497d": {
			"parent": "22ea5f8267450642",
			"name": "Head_47",
			"factory": "00537D16B5CE7286",
			"blueprint": "00F2E4A932ECAA63"
		},
		"cafe987ce83bc7e0": {
			"parent": "22ea5f8267450642",
			"name": "Hands",
			"factory": "009A6D9F7927FB89",
			"blueprint": "00F49463DEA8D412"
		},
		"cafe508d3780df32": {
			"parent": "22ea5f8267450642",
			"name": "Pants_Dress_Regular",
			"factory": "00324595397CC0A5",
			"blueprint": "00D58D62EFA4579E",
			"properties": {
				"Diffuse_Color_01_Value": {
					"type": "SColorRGB",
					"value": "#d4cec4"
				},
				"Texture2D_01": {
					"type": "ZRuntimeResourceID",
					"value": {
						"resource": "00AF802D36A4241A",
						"flag": "5F"
					}
				},
				"ConstantVector1D_01_Value": {
					"type": "float32",
					"value": 0.5
				}
			}
		},
		"cafee08099dea437": {
			"parent": "22ea5f8267450642",
			"name": "Shoes_Derby_PlainToe_SquareTip",
			"factory": "0002AF51C3F2ECC9",
			"blueprint": "00C8130EBB5A0F37",
			"properties": {
				"Diffuse_Color_01_Value": {
					"type": "SColorRGB",
					"value": "#392e28"
				},
				"Diffuse_Hue_Shift_01_Value": {
					"type": "float32",
					"value": 0.0
				}
			}
		},
		"cafefc48e405e8bf": {
			"parent": "22ea5f8267450642",
			"name": "FX_Hitman_Wet_Logic_Character",
			"factory": "0067CFB703A80787",
			"blueprint": "00AA88C960CD2080",
			"properties": {
				"HeadMaterialToOverride": {
					"type": "ZRuntimeResourceID",
					"value": {
						"resource": "009F7978C601815A",
						"flag": "5F"
					}
				},
				"HeadMaterialOverride": {
					"type": "TArray<SEntityTemplateReference>",
					"value": ["22ea5f8267450642"],
					"postInit": true
				}
			},
			"events": {
				"HitmanWetness": {
					"T": [
						"cafeabdfc65cda0a",
						"cafe23abe967e2b5",
						"cafe04468d9e6b35",
						"cafe311b266a2a63"
					]
				}
			}
		},
		"cafe04468d9e6b35": {
			"parent": "cafefc48e405e8bf",
			"name": "Lerp roughness fabric",
			"factory": "[modules:/zmathlerp.class].pc_entitytype",
			"blueprint": "[modules:/zmathlerp.class].pc_entityblueprint",
			"properties": {
				"m_A": { "type": "float32", "value": 1.0 },
				"m_fT": { "type": "float32", "value": 0.0 },
				"m_B": { "type": "float32", "value": 2.0 }
			},
			"events": { "Lerp": { "ConstantVector1D_14_Value": [] } }
		},
		"cafe23abe967e2b5": {
			"parent": "cafefc48e405e8bf",
			"name": "Lerp bumpmap",
			"factory": "[modules:/zmathlerp.class].pc_entitytype",
			"blueprint": "[modules:/zmathlerp.class].pc_entityblueprint",
			"properties": {
				"m_fT": { "type": "float32", "value": 0.0 },
				"m_B": { "type": "float32", "value": 0.30000001192092896 }
			},
			"events": { "Lerp": { "ConstantVector1D_06_Value": [] } }
		},
		"cafe311b266a2a63": {
			"parent": "cafefc48e405e8bf",
			"name": "Lerp roughness other",
			"factory": "[modules:/zmathlerp.class].pc_entitytype",
			"blueprint": "[modules:/zmathlerp.class].pc_entityblueprint",
			"properties": {
				"m_B": { "type": "float32", "value": 0.4000000059604645 },
				"m_A": { "type": "float32", "value": 0.0 },
				"m_fT": { "type": "float32", "value": 0.0 }
			},
			"events": {
				"Lerp": {
					"ConstantVector1D_04_Value": [
						"cafe1825a008497d",
						"cafee08099dea437",
						"cafe987ce83bc7e0"
					]
				}
			}
		},
		"cafeabdfc65cda0a": {
			"parent": "cafefc48e405e8bf",
			"name": "Lerp albedo",
			"factory": "[modules:/zmathlerp.class].pc_entitytype",
			"blueprint": "[modules:/zmathlerp.class].pc_entityblueprint",
			"properties": {
				"m_fT": { "type": "float32", "value": 0.0 },
				"m_B": { "type": "float32", "value": 0.20000000298023224 }
			},
			"events": { "Lerp": { "ConstantVector1D_01_Value": [] } }
		},
		"cafe6b34e53e8d4b": {
			"parent": "22ea5f8267450642",
			"name": "Torso_Neck",
			"factory": "00D43167687E61AD",
			"blueprint": "007E9340AD2C2425"
		},
		"cafeff4823f4d5ae": {
			"parent": "22ea5f8267450642",
			"name": "Jacket_Bomber_HalfOpen",
			"factory": "0050736AD7216F9E",
			"blueprint": "00FEBCF087B35A44",
			"properties": {
				"ConstantVector1D_03_Value": {
					"type": "float32",
					"value": 0.800000011920929
				},
				"ConstantVector1D_15_Value": {
					"type": "float32",
					"value": 0.10000000149011612
				},
				"ConstantVector1D_14_Value": {
					"type": "float32",
					"value": 0.05000000074505806
				},
				"Diffuse_Color_01_Value": {
					"type": "SColorRGB",
					"value": "#161728"
				},
				"m_pMeshResource": {
					"type": "ZRuntimeResourceID",
					"value": {
						"resource": "00F44D3CB0E0EFED",
						"flag": "5F"
					}
				}
			}
		},
		"cafe7177166a748d": {
			"parent": "22ea5f8267450642",
			"name": "Shirt_Btnup_RldSlv_HighWaist_Tkd",
			"factory": "00562D1C2E44AE75",
			"blueprint": "00A16EBF60C57A73",
			"properties": {
				"ConstantVector1D_01_Value": {
					"type": "float32",
					"value": 0.5
				},
				"Diffuse_Color_01_Value": {
					"type": "SColorRGB",
					"value": "#292929"
				},
				"m_pMeshResource": {
					"type": "ZRuntimeResourceID",
					"value": {
						"resource": "004FF98EA86E02DA",
						"flag": "5F"
					}
				},
				"Texture2D_01": {
					"type": "ZRuntimeResourceID",
					"value": {
						"resource": "00BE1797D2C4D054",
						"flag": "5F"
					}
				},
				"Diffuse_Hue_Shift_01_Value": {
					"type": "float32",
					"value": 0.23999999463558197
				},
				"Diffuse_Saturation_01_Value": {
					"type": "float32",
					"value": 1.3899999856948853
				}
			}
		}
	},
	"propertyOverrides": [],
	"overrideDeletes": [],
	"pinConnectionOverrides": [],
	"pinConnectionOverrideDeletes": [],
	"externalScenes": [],
	"subType": "template",
	"quickEntityVersion": 3.1,
	"extraFactoryDependencies": [
		{
			"resource": "[assembly:/_pro/characters/assets/individuals/paris/philip/textures/male_reg_philip_01_tie_01.texture?/specular_f.tex](ascolormap).pc_tex",
			"flag": "5F"
		},
		{
			"resource": "[assembly:/_pro/characters/assets/individuals/paris/philip/textures/male_reg_philip_01_tie_01.texture?/normal_a.tex](asnormalmap).pc_tex",
			"flag": "5F"
		},
		{ "resource": "00357C8C30F5EDF2", "flag": "5F" },
		{ "resource": "00324339E7353795", "flag": "5F" },
		{ "resource": "00C197DBB1B74FF6", "flag": "5F" },
		{ "resource": "007E2F6DB1068A8D", "flag": "5F" },
		{ "resource": "00AAD107E192CFAE", "flag": "5F" },
		{ "resource": "0063B05E0712FBB3", "flag": "5F" },
		{ "resource": "007D850436B0A092", "flag": "5F" },
		{ "resource": "00D247582859CA87", "flag": "5F" },
		{ "resource": "00D20CA72E352D16", "flag": "5F" },
		{ "resource": "001EE759F57B6DCE", "flag": "5F" },
		{ "resource": "0051A1136DC9485E", "flag": "5F" },
		{ "resource": "00E4CE86EE7A5CC2", "flag": "5F" },
		{ "resource": "00FFC5352D7A5D64", "flag": "5F" },
		{ "resource": "001083E516801F5E", "flag": "5F" },
		{ "resource": "002E38C4C7E4A025", "flag": "5F" },
		{ "resource": "00D8722973695FDC", "flag": "5F" },
		{ "resource": "00CCF189D80F8682", "flag": "5F" },
		{ "resource": "008352F84E1949F2", "flag": "5F" },
		{ "resource": "0062E48BEB6DF280", "flag": "5F" },
		{ "resource": "006A3CDF8C2ED4E6", "flag": "5F" },
		{ "resource": "006A40A918C06460", "flag": "5F" },
		{ "resource": "00B40E9503CF9271", "flag": "5F" }
	],
	"extraBlueprintDependencies": [],
	"comments": []
}
