{
	"tempHash": "00097AA87B144150",
	"tbluHash": "00E738E7CF7A35E1",
	"patch": [
		{
			"SubEntityOperation": [
				"d9d6c906b35694be",
				{
					"SetPropertyValue": {
						"property_name": "m_eSoundFootwearType",
						"value": "EFWT_LEATHER"
					}
				}
			]
		},
		{
			"SubEntityOperation": [
				"7ee28d0298a67b02",
				{
					"SetFactory": "[assembly:/_pro/characters/templates/hero/agent47/agent47_outfits.template?/charset_agent47_quantumjacket.entitytemplate].pc_entitytype"
				}
			]
		},
		{
			"SubEntityOperation": [
				"7ee28d0298a67b02",
				{
					"SetBlueprint": "[assembly:/_pro/characters/templates/hero/agent47/agent47_outfits.template?/charset_agent47_quantumjacket.entitytemplate].pc_entityblueprint"
				}
			]
		}
	],
	"patchVersion": 6
}
