{
	"tempHash": "004FDEF675D65643",
	"tbluHash": "0063CAF023F5F644",
	"rootEntity": "22ea5f8267450642",
	"entities": {
		"22ea5f8267450642": {
			"parent": null,
			"name": "OUTFIT_Agent47_Refined_Casual_HeroA_V0",
			"factory": "[assembly:/templates/aspectdummy.aspect]([modules:/zlinkedproxyentity.class].entitytype,[modules:/zclothcharacterentity.class].entitytype,[modules:/zheroidlenetworkaspect.class].entitytype).pc_entitytype",
			"blueprint": "[assembly:/templates/aspectdummy.aspect]([modules:/zlinkedproxyentity.class].entitytype,[modules:/zclothcharacterentity.class].entitytype,[modules:/zheroidlenetworkaspect.class].entitytype).pc_entityblueprint",
			"properties": {
				"m_ResourceID": {
					"type": "ZRuntimeResourceID",
					"value": null
				},
				"m_fLODScale": { "type": "float32", "value": 1.0 },
				"m_mTransform": {
					"type": "SMatrix43",
					"value": {
						"rotation": { "x": -0.0, "y": 0.0, "z": -0.0 },
						"position": {
							"x": 39.068450927734375,
							"y": 4.066530227661133,
							"z": 0.0
						}
					}
				},
				"m_pBonesAndCollisionResource": {
					"type": "ZRuntimeResourceID",
					"value": {
						"resource": "0017416135CF879C",
						"flag": "5F"
					}
				},
				"m_bUsePerVertexStiffness": {
					"type": "bool",
					"value": true
				},
				"m_LocalColliders": {
					"type": "TArray<SEntityTemplateReference>",
					"value": []
				},
				"m_bGlobalCollidersEnabled": {
					"type": "bool",
					"value": false
				},
				"m_fDamping": { "type": "float32", "value": 1.0 },
				"m_fBendStiffness": { "type": "float32", "value": 1.0 },
				"m_bUsePerVertexDamping": {
					"type": "bool",
					"value": true
				},
				"m_fShearStiffness": { "type": "float32", "value": 1.0 },
				"m_bUseSkinningPosNormalConstrains": {
					"type": "bool",
					"value": true
				},
				"m_bUseSkinningNegNormalConstrains": {
					"type": "bool",
					"value": true
				},
				"m_nIterations": { "type": "uint32", "value": 2 },
				"m_fFrequency": { "type": "float32", "value": 90.0 },
				"m_vTranslationScale": {
					"type": "SVector3",
					"value": {
						"x": 0.10000000149011612,
						"y": 0.10000000149011612,
						"z": 0.10000000149011612
					}
				},
				"m_vGravity": {
					"type": "SVector3",
					"value": { "x": 0.0, "y": 0.0, "z": -13.0 }
				},
				"m_fLODOffset": { "type": "float32", "value": 100.0 },
				"m_fDragConstant": { "type": "float32", "value": 1.0 },
				"m_eStretchConstrainType": {
					"type": "EClothStretchConstrainType",
					"value": "eClothBendConstrainType_LRA"
				},
				"m_fAngularVelocityThreshold": {
					"type": "float32",
					"value": 60.0
				},
				"m_eRootBone": {
					"type": "BoneId.Enum",
					"value": "PELVIS"
				},
				"m_bEnableAngularVelocityScale": {
					"type": "bool",
					"value": true
				},
				"m_eBendConstrainType": {
					"type": "EClothBendConstrainType",
					"value": "eClothBendConstrainType_Triangle"
				},
				"m_bRandomStartState": { "type": "bool", "value": true },
				"m_fWindConstant": {
					"type": "float32",
					"value": 0.10000000149011612
				},
				"m_bSimulationEnabled": { "type": "bool", "value": true },
				"m_aBodyParts": {
					"type": "TArray<SEntityTemplateReference>",
					"value": [
						"ca9e86cfdaed4c16",
						"cafea0411fd9bc4c",
						"cafe8ad01e607ab1",
						"cafe6dd53bdebd28",
						"cafec1c33534f28d",
						"cafe0181907ffb75",
						"cafeda43743a0e06",
						"cafebe5a05ab5cd3",
						"cafe41483d8b9bf7"
					],
					"postInit": true
				}
			}
		},
		"ca9e86cfdaed4c16": {
			"parent": "22ea5f8267450642",
			"name": "Head_47",
			"factory": "00537D16B5CE7286",
			"blueprint": "00F2E4A932ECAA63"
		},
		"281539d4914d0e9a": {
			"parent": "22ea5f8267450642",
			"name": "FX_Hitman_Wet_Logic_Character",
			"factory": "0067CFB703A80787",
			"blueprint": "00AA88C960CD2080",
			"properties": {
				"HeadMaterialOverride": {
					"type": "TArray<SEntityTemplateReference>",
					"value": ["22ea5f8267450642"]
				},
				"HeadMaterialToOverride": {
					"type": "ZRuntimeResourceID",
					"value": {
						"resource": "009F7978C601815A",
						"flag": "5F"
					}
				}
			}
		},
		"cafea0411fd9bc4c": {
			"parent": "22ea5f8267450642",
			"name": "Shoes_Derby_PlainToe_SquareTip",
			"factory": "0002AF51C3F2ECC9",
			"blueprint": "00C8130EBB5A0F37",
			"properties": {
				"Diffuse_Color_01_Value": {
					"type": "SColorRGB",
					"value": "#402f1f"
				},
				"ConstantVector1D_04_Value": {
					"type": "float32",
					"value": 0.10000000149011612
				},
				"ConstantVector1D_05_Value": {
					"type": "float32",
					"value": 1.1399999856948853
				}
			}
		},
		"cafe8ad01e607ab1": {
			"parent": "22ea5f8267450642",
			"name": "Socks_Ankle_Cut_Shoe",
			"factory": "00C50F4D59B78463",
			"blueprint": "0060BDFBAAFA9324",
			"properties": {
				"Diffuse_Color_01_Value": {
					"type": "SColorRGB",
					"value": "#313131"
				}
			}
		},
		"cafe6dd53bdebd28": {
			"parent": "22ea5f8267450642",
			"name": "Sweater_Turtleneck_RegFit_RldSlv_Tkd",
			"factory": "00C2587C5D54BB78",
			"blueprint": "005A126A5ED4C749",
			"properties": {
				"ConstantVector1D_01_Value": {
					"type": "float32",
					"value": 0.5
				},
				"Diffuse_Color_01_Value": {
					"type": "SColorRGB",
					"value": "#1a1a1a"
				}
			}
		},
		"cafe0181907ffb75": {
			"parent": "22ea5f8267450642",
			"name": "Arms_Elbow_Wrist",
			"factory": "00FCC39B2F164A8C",
			"blueprint": "0011153A1CE6AF9C"
		},
		"cafe4e365782cadc": {
			"parent": "22ea5f8267450642",
			"name": "Wrist_Attacher",
			"factory": "[assembly:/templates/aspectdummy.aspect]([modules:/zcompositeentity.class].entitytype,[modules:/zboneattachaspect.class].entitytype).pc_entitytype",
			"blueprint": "[assembly:/templates/aspectdummy.aspect]([modules:/zcompositeentity.class].entitytype,[modules:/zboneattachaspect.class].entitytype).pc_entityblueprint",
			"properties": {
				"m_BoneName": {
					"type": "ZString",
					"value": "L_ForeTwist2"
				},
				"m_mTransform": {
					"type": "SMatrix43",
					"value": {
						"rotation": {
							"x": -0.0,
							"y": 0.0,
							"z": -4.2246813456913134e-10
						},
						"position": {
							"x": -3.60172208502263e-7,
							"y": 4.554497934350366e-7,
							"z": 0.0
						}
					}
				},
				"m_linkedEntity": {
					"type": "SEntityTemplateReference",
					"value": "22ea5f8267450642",
					"postInit": true
				},
				"m_eidParent": {
					"type": "SEntityTemplateReference",
					"value": "22ea5f8267450642",
					"postInit": true
				}
			}
		},
		"cafe63c19811230e": {
			"parent": "cafe4e365782cadc",
			"name": "Watch_Silver",
			"factory": "00E37E0E891331BA",
			"blueprint": "00FD6741270521D1",
			"properties": {
				"m_mTransform": {
					"type": "SMatrix43",
					"value": {
						"rotation": {
							"x": 2.160866722131388,
							"y": -0.22729298616478583,
							"z": -83.17259872884964
						},
						"position": {
							"x": 0.0622749999165535,
							"y": -0.000818000000435859,
							"z": 0.004449999891221523
						}
					}
				},
				"m_eidParent": {
					"type": "SEntityTemplateReference",
					"value": "cafe4e365782cadc"
				}
			}
		},
		"cafeda43743a0e06": {
			"parent": "22ea5f8267450642",
			"name": "Gloves_Fingerless_BareKnuckle",
			"factory": "003F478DD3D14ECC",
			"blueprint": "0077724FEEE04B98",
			"properties": {
				"Diffuse_Color_01_Value": {
					"type": "SColorRGB",
					"value": "#402f1f"
				}
			}
		},
		"cafec1c33534f28d": {
			"parent": "22ea5f8267450642",
			"name": "Hands",
			"factory": "009A6D9F7927FB89",
			"blueprint": "00F49463DEA8D412",
			"properties": {
				"m_pMeshResource": {
					"type": "ZRuntimeResourceID",
					"value": {
						"resource": "00B40E9503CF9271",
						"flag": "5F"
					}
				}
			}
		},
		"cafebe5a05ab5cd3": {
			"parent": "22ea5f8267450642",
			"name": "Shoulder_Holster_Leather_Single",
			"factory": "000B7E245499F679",
			"blueprint": "004FFCEDCC06AC94",
			"properties": {
				"Diffuse_Saturation_01_Value": {
					"type": "float32",
					"value": 0.4000000059604645
				},
				"ConstantVector1D_01_Value": {
					"type": "float32",
					"value": 1.0
				}
			}
		},
		"cafe4de494862fe5": {
			"parent": "22ea5f8267450642",
			"name": "Attacher_Head",
			"factory": "[assembly:/templates/aspectdummy.aspect]([modules:/zcompositeentity.class].entitytype,[modules:/zboneattachaspect.class].entitytype).pc_entitytype",
			"blueprint": "[assembly:/templates/aspectdummy.aspect]([modules:/zcompositeentity.class].entitytype,[modules:/zboneattachaspect.class].entitytype).pc_entityblueprint",
			"properties": {
				"m_BoneName": { "type": "ZString", "value": "Head" },
				"m_mTransform": {
					"type": "SMatrix43",
					"value": {
						"rotation": { "x": -0.0, "y": 0.0, "z": -0.0 },
						"position": { "x": 0.0, "y": 0.0, "z": 0.0 }
					}
				},
				"m_linkedEntity": {
					"type": "SEntityTemplateReference",
					"value": "22ea5f8267450642",
					"postInit": true
				},
				"m_eidParent": {
					"type": "SEntityTemplateReference",
					"value": "22ea5f8267450642",
					"postInit": true
				}
			}
		},
		"cafeaa8c347abea9": {
			"parent": "cafe4de494862fe5",
			"name": "glasses_aviator_fullframe_bridge_slvr",
			"factory": "00379F0995149DAA",
			"blueprint": "00BD730C0722F7C4",
			"properties": {
				"m_mTransform": {
					"type": "SMatrix43",
					"value": {
						"rotation": {
							"x": 72.39811265870017,
							"y": 89.41732368075098,
							"z": 100.76339330153968
						},
						"position": {
							"x": 0.08290400356054306,
							"y": 0.00009999999747378752,
							"z": 3.999999989900971e-6
						}
					}
				},
				"m_PrimitiveScale": {
					"type": "SVector3",
					"value": {
						"x": 0.9469789862632751,
						"y": 1.0610899925231934,
						"z": 0.9660000205039978
					}
				},
				"Diffuse_Color_01_Value": {
					"type": "SColorRGB",
					"value": "#fcb74e"
				},
				"Diffuse_Tint_Value": {
					"type": "SColorRGB",
					"value": "#94a1cb"
				},
				"ConstantVector1D_09_Value": {
					"type": "float32",
					"value": 2.0
				},
				"m_eidParent": {
					"type": "SEntityTemplateReference",
					"value": "cafe4de494862fe5"
				}
			}
		},
		"cafe663c62d1140e": {
			"parent": "cafe41483d8b9bf7",
			"name": "male_reg_suit_pants_01",
			"factory": "0074A1B094FC4120",
			"blueprint": "0007754D66EDCF32",
			"properties": {
				"m_mTransform": {
					"type": "SMatrix43",
					"value": {
						"rotation": { "x": -0.0, "y": 0.0, "z": -0.0 },
						"position": {
							"x": 9.988899230957031,
							"y": -8.244298934936523,
							"z": 0.0
						}
					}
				},
				"ConstantVector1D_01_Value_op": {
					"type": "IRenderMaterialEntity.EModifierOperation",
					"value": "eLeave"
				},
				"ConstantVector1D_01_Value": {
					"type": "float32",
					"value": 0.20000000298023224
				},
				"Active": { "type": "bool", "value": true },
				"ConstantVector1D_16_Value_op": {
					"type": "IRenderMaterialEntity.EModifierOperation",
					"value": "eReplace"
				},
				"ConstantVector1D_16_Value": {
					"type": "float32",
					"value": 0.5
				},
				"ConstantVector1D_03_Value_op": {
					"type": "IRenderMaterialEntity.EModifierOperation",
					"value": "eReplace"
				},
				"ConstantVector1D_03_Value": {
					"type": "float32",
					"value": 2.0
				},
				"ConstantVector1D_14_Value_op": {
					"type": "IRenderMaterialEntity.EModifierOperation",
					"value": "eReplace"
				},
				"ConstantVector1D_14_Value": {
					"type": "float32",
					"value": 0.05000000074505806
				},
				"Texture2D_01_enab": { "type": "bool", "value": true },
				"Texture2D_01": {
					"type": "ZRuntimeResourceID",
					"value": {
						"resource": "00AF802D36A4241A",
						"flag": "5F"
					}
				},
				"Diffuse_Color_01_Value_op": {
					"type": "IRenderMaterialEntity.EModifierOperation",
					"value": "eReplace"
				},
				"Diffuse_Color_01_Value": {
					"type": "SColorRGB",
					"value": "#1e1e1e"
				},
				"ConstantVector1D_13_Value_op": {
					"type": "IRenderMaterialEntity.EModifierOperation",
					"value": "eReplace"
				},
				"ConstantVector1D_13_Value": {
					"type": "float32",
					"value": 0.0
				},
				"Texture2D_03_enab": { "type": "bool", "value": true },
				"ConstantVector1D_15_Value_op": {
					"type": "IRenderMaterialEntity.EModifierOperation",
					"value": "eReplace"
				},
				"ConstantVector1D_15_Value": {
					"type": "float32",
					"value": 7.0
				},
				"ConstantVector1D_06_Value_op": {
					"type": "IRenderMaterialEntity.EModifierOperation",
					"value": "eLeave"
				},
				"Texture2DNormal_01_enab": {
					"type": "bool",
					"value": false
				},
				"Clients": {
					"type": "TArray<SEntityTemplateReference>",
					"value": ["cafe41483d8b9bf7"],
					"postInit": true
				},
				"m_eidParent": {
					"type": "SEntityTemplateReference",
					"value": "22ea5f8267450642",
					"postInit": true
				}
			}
		},
		"cafe41483d8b9bf7": {
			"parent": "22ea5f8267450642",
			"name": "Mesh_Pant",
			"factory": "[modules:/zbodypartentity.class].pc_entitytype",
			"blueprint": "[modules:/zbodypartentity.class].pc_entityblueprint",
			"properties": {
				"m_pMeshResource": {
					"type": "ZRuntimeResourceID",
					"value": {
						"resource": "00408DC64039D5CB",
						"flag": "5F"
					}
				},
				"m_IsHiddenInVR": { "type": "bool", "value": true }
			},
			"platformSpecificProperties": {
				"VR_PS4": {
					"m_IsHiddenInVR": { "type": "bool", "value": false }
				}
			},
			"inputCopying": {
				"ConstantVector1D_14_Value": {
					"ConstantVector1D_14_Value": ["cafe663c62d1140e"]
				},
				"ConstantVector1D_06_Value": {
					"ConstantVector1D_06_Value": ["cafe663c62d1140e"]
				},
				"ConstantVector1D_01_Value": {
					"ConstantVector1D_01_Value": ["cafe663c62d1140e"]
				}
			}
		}
	},
	"propertyOverrides": [],
	"overrideDeletes": [],
	"pinConnectionOverrides": [],
	"pinConnectionOverrideDeletes": [],
	"externalScenes": [],
	"subType": "template",
	"quickEntityVersion": 3.1,
	"extraFactoryDependencies": [
		{
			"resource": "[assembly:/_pro/characters/assets/individuals/paris/philip/textures/male_reg_philip_01_tie_01.texture?/specular_f.tex](ascolormap).pc_tex",
			"flag": "5F"
		},
		{
			"resource": "[assembly:/_pro/characters/assets/individuals/paris/philip/textures/male_reg_philip_01_tie_01.texture?/normal_a.tex](asnormalmap).pc_tex",
			"flag": "5F"
		},
		{ "resource": "00357C8C30F5EDF2", "flag": "5F" },
		{ "resource": "00324339E7353795", "flag": "5F" },
		{ "resource": "00C197DBB1B74FF6", "flag": "5F" },
		{ "resource": "007E2F6DB1068A8D", "flag": "5F" },
		{ "resource": "00AAD107E192CFAE", "flag": "5F" },
		{ "resource": "0063B05E0712FBB3", "flag": "5F" },
		{ "resource": "007D850436B0A092", "flag": "5F" },
		{ "resource": "00D247582859CA87", "flag": "5F" },
		{ "resource": "00D20CA72E352D16", "flag": "5F" },
		{ "resource": "001EE759F57B6DCE", "flag": "5F" },
		{ "resource": "0051A1136DC9485E", "flag": "5F" },
		{ "resource": "00E4CE86EE7A5CC2", "flag": "5F" },
		{ "resource": "00FFC5352D7A5D64", "flag": "5F" },
		{ "resource": "001083E516801F5E", "flag": "5F" },
		{ "resource": "002E38C4C7E4A025", "flag": "5F" },
		{ "resource": "00D8722973695FDC", "flag": "5F" },
		{ "resource": "00CCF189D80F8682", "flag": "5F" },
		{ "resource": "008352F84E1949F2", "flag": "5F" },
		{ "resource": "0062E48BEB6DF280", "flag": "5F" },
		{ "resource": "006A3CDF8C2ED4E6", "flag": "5F" },
		{ "resource": "006A40A918C06460", "flag": "5F" },
		{ "resource": "00B40E9503CF9271", "flag": "5F" }
	],
	"extraBlueprintDependencies": [],
	"comments": []
}
