{
	"tempHash": "00097AA87B144150",
	"tbluHash": "00E738E7CF7A35E1",
	"patch": [
		{
			"SubEntityOperation": [
				"a99d2e343b411ba2",
				{
					"SetPropertyValue": {
						"property_name": "m_eOutfitAICategory",
						"value": "OAC_Bodyguard"
					}
				}
			]
		},
		{
			"SubEntityOperation": [
				"a99d2e343b411ba2",
				{
					"AddProperty": [
						"m_bWeaponsAllowed",
						{ "type": "bool", "value": true }
					]
				}
			]
		},
		{
			"SubEntityOperation": [
				"a99d2e343b411ba2",
				{
					"AddProperty": [
						"m_aWeaponsAllowedExceptionKeywords",
						{
							"type": "TArray<SEntityTemplateReference>",
							"value": ["cafe6648417c04eb"],
							"postInit": true
						}
					]
				}
			]
		},
		{
			"SubEntityOperation": [
				"9ed36a6692ab7337",
				{ "SetFactory": "00830C6121CA2EBA" }
			]
		},
		{
			"SubEntityOperation": [
				"9ed36a6692ab7337",
				{ "SetBlueprint": "00D2C9334448C6E6" }
			]
		},
		{
			"AddEntity": [
				"cafe6648417c04eb",
				{
					"parent": "a99d2e343b411ba2",
					"name": "Keyword_ITEM_SNIPER_RIFLE",
					"factory": "[assembly:/_pro/design/gamecore/keywords/keyworditems.template?/keyword_item_sniper_rifle.entitytemplate].pc_entitytype",
					"blueprint": "[assembly:/_pro/design/gamecore/keywords/keyworditems.template?/keyword_item_sniper_rifle.entitytemplate].pc_entityblueprint"
				}
			]
		}
	],
	"patchVersion": 6
}
