{
	"tempHash": "00097AA87B144150",
	"tbluHash": "00E738E7CF7A35E1",
	"patch": [
		{
			"SubEntityOperation": [
				"00b08afa512d8d3f",
				{
					"SetPropertyValue": {
						"property_name": "m_eSoundFootwearType",
						"value": "EFWT_SWAT_BOOTS"
					}
				}
			]
		},
		{
			"SubEntityOperation": [
				"21129d2f31f6b526",
				{
					"SetFactory": "[assembly:/_pro/characters/templates/hero/agent47/agent47_outfits.template?/charset_agent47_greenfleece.entitytemplate].pc_entitytype"
				}
			]
		},
		{
			"SubEntityOperation": [
				"21129d2f31f6b526",
				{
					"SetBlueprint": "[assembly:/_pro/characters/templates/hero/agent47/agent47_outfits.template?/charset_agent47_greenfleece.entitytemplate].pc_entityblueprint"
				}
			]
		}
	],
	"patchVersion": 6
}
