{
	"tempHash": "00D45759345C0C29",
	"tbluHash": "0068BED6EFAD906E",
	"rootEntity": "22ea5f8267450642",
	"entities": {
		"22ea5f8267450642": {
			"parent": null,
			"name": "OUTFIT_Agent47_Infiltration_HeroA_V0",
			"factory": "[assembly:/templates/aspectdummy.aspect]([modules:/zlinkedproxyentity.class].entitytype,[modules:/zclothcharacterentity.class].entitytype,[modules:/zheroidlenetworkaspect.class].entitytype).pc_entitytype",
			"blueprint": "[assembly:/templates/aspectdummy.aspect]([modules:/zlinkedproxyentity.class].entitytype,[modules:/zclothcharacterentity.class].entitytype,[modules:/zheroidlenetworkaspect.class].entitytype).pc_entityblueprint",
			"properties": {
				"m_ResourceID": {
					"type": "ZRuntimeResourceID",
					"value": null
				},
				"m_fLODScale": { "type": "float32", "value": 1.0 },
				"m_mTransform": {
					"type": "SMatrix43",
					"value": {
						"rotation": { "x": -0.0, "y": 0.0, "z": -0.0 },
						"position": {
							"x": 39.068450927734375,
							"y": 4.066530227661133,
							"z": 0.0
						}
					}
				},
				"m_pBonesAndCollisionResource": {
					"type": "ZRuntimeResourceID",
					"value": {
						"resource": "0017416135CF879C",
						"flag": "5F"
					}
				},
				"m_bUsePerVertexStiffness": {
					"type": "bool",
					"value": true
				},
				"m_LocalColliders": {
					"type": "TArray<SEntityTemplateReference>",
					"value": []
				},
				"m_bGlobalCollidersEnabled": {
					"type": "bool",
					"value": false
				},
				"m_fDamping": { "type": "float32", "value": 1.0 },
				"m_fBendStiffness": { "type": "float32", "value": 1.0 },
				"m_bUsePerVertexDamping": {
					"type": "bool",
					"value": true
				},
				"m_fShearStiffness": { "type": "float32", "value": 1.0 },
				"m_bUseSkinningPosNormalConstrains": {
					"type": "bool",
					"value": true
				},
				"m_bUseSkinningNegNormalConstrains": {
					"type": "bool",
					"value": true
				},
				"m_nIterations": { "type": "uint32", "value": 2 },
				"m_fFrequency": { "type": "float32", "value": 90.0 },
				"m_vTranslationScale": {
					"type": "SVector3",
					"value": {
						"x": 0.10000000149011612,
						"y": 0.10000000149011612,
						"z": 0.10000000149011612
					}
				},
				"m_vGravity": {
					"type": "SVector3",
					"value": { "x": 0.0, "y": 0.0, "z": -20.0 }
				},
				"m_fLODOffset": { "type": "float32", "value": 100.0 },
				"m_fDragConstant": { "type": "float32", "value": 1.0 },
				"m_eStretchConstrainType": {
					"type": "EClothStretchConstrainType",
					"value": "eClothBendConstrainType_LRA"
				},
				"m_fAngularVelocityThreshold": {
					"type": "float32",
					"value": 60.0
				},
				"m_eRootBone": {
					"type": "BoneId.Enum",
					"value": "PELVIS"
				},
				"m_bEnableAngularVelocityScale": {
					"type": "bool",
					"value": true
				},
				"m_eBendConstrainType": {
					"type": "EClothBendConstrainType",
					"value": "eClothBendConstrainType_Triangle"
				},
				"m_bRandomStartState": { "type": "bool", "value": true },
				"m_fWindConstant": {
					"type": "float32",
					"value": 0.10000000149011612
				},
				"m_bSimulationEnabled": { "type": "bool", "value": false },
				"m_aBodyParts": {
					"type": "TArray<SEntityTemplateReference>",
					"value": [
						"ca9e86cfdaed4c16",
						"cafe2d452f5af497",
						"cafe5ea231750c87",
						"cafe179c90d33b8c",
						"cafec630fde19932",
						"cafea2f8ab5a638f",
						"cafe1e82cf986eea",
						"cafe825149c77898",
						"cafe2c0ca96d208f",
						"cafeee6815b11c55",
						"cafe7ebcde630b16",
						"cafeba04682d1d9c"
					],
					"postInit": true
				}
			}
		},
		"ca9e86cfdaed4c16": {
			"parent": "22ea5f8267450642",
			"name": "Head_47",
			"factory": "00537D16B5CE7286",
			"blueprint": "00F2E4A932ECAA63"
		},
		"cafe2d452f5af497": {
			"parent": "22ea5f8267450642",
			"name": "Shoes_Boots_Military",
			"factory": "00A7DC37E14B3676",
			"blueprint": "000315500CD95840",
			"properties": {
				"Diffuse_Color_01_Value": {
					"type": "SColorRGB",
					"value": "#232323"
				}
			}
		},
		"cafe5ea231750c87": {
			"parent": "22ea5f8267450642",
			"name": "Gloves_Leather",
			"factory": "00BEE701448762C1",
			"blueprint": "005D2B1CBD509E61",
			"properties": {
				"Diffuse_Color_01_Value": {
					"type": "SColorRGB",
					"value": "#3b3b3b"
				}
			}
		},
		"cafe179c90d33b8c": {
			"parent": "22ea5f8267450642",
			"name": "Holster_R_Nylon",
			"factory": "0019EE2A9CB4ED81",
			"blueprint": "007FBA4EF038BEF7",
			"properties": {
				"Diffuse_Color_01_Value": {
					"type": "SColorRGB",
					"value": "#1f1f1f"
				}
			}
		},
		"cafec630fde19932": {
			"parent": "22ea5f8267450642",
			"name": "Part_LegPounches",
			"factory": "[modules:/zbodypartentity.class].pc_entitytype",
			"blueprint": "[modules:/zbodypartentity.class].pc_entityblueprint",
			"properties": {
				"m_pMeshResource": {
					"type": "ZRuntimeResourceID",
					"value": {
						"resource": "0055E2B0674E3AEA",
						"flag": "5F"
					}
				},
				"m_IsHiddenInVR": { "type": "bool", "value": true }
			},
			"platformSpecificProperties": {
				"VR_PS4": {
					"m_IsHiddenInVR": { "type": "bool", "value": false }
				}
			}
		},
		"cafe43e1fd272cf0": {
			"parent": "cafea2f8ab5a638f",
			"name": "male_regular_sean_02_pant_01",
			"factory": "[assembly:/_pro/characters/assets/individuals/sean/materials/male_regular_sean_02_pant_01.mi].pc_entitytype",
			"blueprint": "[assembly:/_pro/characters/assets/individuals/sean/materials/male_regular_sean_02_pant_01.mi].pc_entityblueprint",
			"properties": {
				"m_mTransform": {
					"type": "SMatrix43",
					"value": {
						"rotation": {
							"x": -0.0,
							"y": 0.0,
							"z": 8.702907883234016e-8
						},
						"position": {
							"x": -5.731328087676957e-7,
							"y": -2.1452919440889673e-8,
							"z": 0.0
						}
					}
				},
				"Diffuse_Color_01_Value_op": {
					"type": "IRenderMaterialEntity.EModifierOperation",
					"value": "eReplace"
				},
				"Diffuse_Color_01_Value": {
					"type": "SColorRGB",
					"value": "#242424"
				},
				"Texture2D_01_enab": { "type": "bool", "value": true },
				"Texture2D_01": {
					"type": "ZRuntimeResourceID",
					"value": {
						"resource": "[assembly:/_pro/characters/assets/individuals/sean/textures/male_regular_sean_02_pant_01.texture?/specular_a.tex](ascolormap).pc_tex",
						"flag": "5F"
					}
				},
				"ConstantVector1D_01_Value_op": {
					"type": "IRenderMaterialEntity.EModifierOperation",
					"value": "eReplace"
				},
				"ConstantVector1D_01_Value": {
					"type": "float32",
					"value": 14.0
				},
				"ConstantVector1D_06_Value_op": {
					"type": "IRenderMaterialEntity.EModifierOperation",
					"value": "eReplace"
				},
				"ConstantVector1D_14_Value_op": {
					"type": "IRenderMaterialEntity.EModifierOperation",
					"value": "eReplace"
				},
				"Clients": {
					"type": "TArray<SEntityTemplateReference>",
					"value": ["cafea2f8ab5a638f", "22ea5f8267450642"],
					"postInit": true
				},
				"m_eidParent": {
					"type": "SEntityTemplateReference",
					"value": "22ea5f8267450642",
					"postInit": true
				}
			}
		},
		"cafea2f8ab5a638f": {
			"parent": "22ea5f8267450642",
			"name": "Mesh_Pant",
			"factory": "[modules:/zbodypartentity.class].pc_entitytype",
			"blueprint": "[modules:/zbodypartentity.class].pc_entityblueprint",
			"properties": {
				"m_pMeshResource": {
					"type": "ZRuntimeResourceID",
					"value": {
						"resource": "00AD29598F872219",
						"flag": "5F"
					}
				},
				"m_IsHiddenInVR": { "type": "bool", "value": true }
			},
			"platformSpecificProperties": {
				"VR_PC": {
					"m_IsHiddenInVR": { "type": "bool", "value": false }
				}
			},
			"inputCopying": {
				"ConstantVector1D_06_Value": {
					"ConstantVector1D_06_Value": ["cafe43e1fd272cf0"]
				},
				"ConstantVector1D_14_Value": {
					"ConstantVector1D_14_Value": ["cafe43e1fd272cf0"]
				},
				"ConstantVector1D_01_Value": {
					"ConstantVector1D_01_Value": ["cafe43e1fd272cf0"]
				}
			}
		},
		"cafe5be7bb43b6c1": {
			"parent": "cafe1e82cf986eea",
			"name": "male_reg_blackrussian_kneepads",
			"factory": "[assembly:/_pro/characters/assets/individuals/colorado/elusivetarget_blackrussian/material/male_reg_blackrussian_kneepads.mi].pc_entitytype",
			"blueprint": "[assembly:/_pro/characters/assets/individuals/colorado/elusivetarget_blackrussian/material/male_reg_blackrussian_kneepads.mi].pc_entityblueprint",
			"properties": {
				"m_mTransform": {
					"type": "SMatrix43",
					"value": {
						"rotation": { "x": -0.0, "y": 0.0, "z": -0.0 },
						"position": { "x": 0.0, "y": 0.0, "z": 0.0 }
					}
				},
				"ConstantVector1D_06_Value_op": {
					"type": "IRenderMaterialEntity.EModifierOperation",
					"value": "eReplace"
				},
				"ConstantVector1D_04_Value_op": {
					"type": "IRenderMaterialEntity.EModifierOperation",
					"value": "eReplace"
				},
				"ConstantVector1D_01_Value_op": {
					"type": "IRenderMaterialEntity.EModifierOperation",
					"value": "eReplace"
				},
				"m_eidParent": {
					"type": "SEntityTemplateReference",
					"value": "22ea5f8267450642"
				},
				"Clients": {
					"type": "TArray<SEntityTemplateReference>",
					"value": ["cafe1e82cf986eea"],
					"postInit": true
				}
			}
		},
		"cafe1e82cf986eea": {
			"parent": "22ea5f8267450642",
			"name": "Mesh_Kneepads",
			"factory": "[modules:/zbodypartentity.class].pc_entitytype",
			"blueprint": "[modules:/zbodypartentity.class].pc_entityblueprint",
			"properties": {
				"m_pMeshResource": {
					"type": "ZRuntimeResourceID",
					"value": {
						"resource": "00FED78823EA6F38",
						"flag": "5F"
					}
				},
				"m_IsHiddenInVR": { "type": "bool", "value": true }
			},
			"platformSpecificProperties": {
				"VR_PC": {
					"m_IsHiddenInVR": { "type": "bool", "value": false }
				}
			},
			"inputCopying": {
				"ConstantVector1D_06_Value": {
					"ConstantVector1D_06_Value": ["cafe5be7bb43b6c1"]
				},
				"ConstantVector1D_04_Value": {
					"ConstantVector1D_04_Value": ["cafe5be7bb43b6c1"]
				},
				"ConstantVector1D_01_Value": {
					"ConstantVector1D_01_Value": ["cafe5be7bb43b6c1"]
				}
			}
		},
		"cafe825149c77898": {
			"parent": "22ea5f8267450642",
			"name": "Belt_Utility_Military",
			"factory": "00B04C9E30B044A7",
			"blueprint": "00B3B5F4210D9F1F",
			"properties": {
				"Diffuse_Color_01_Value": {
					"type": "SColorRGB",
					"value": "#262626"
				},
				"Diffuse_Hue_Shift_01_Value": {
					"type": "float32",
					"value": 0.0
				}
			}
		},
		"cafe2c0ca96d208f": {
			"parent": "22ea5f8267450642",
			"name": "Sweater_RldSlv",
			"factory": "0053E469529E6A70",
			"blueprint": "00C351C68E997A8D",
			"properties": {
				"Diffuse_Color_01_Value": {
					"type": "SColorRGB",
					"value": "#302d45"
				},
				"m_pMeshResource": {
					"type": "ZRuntimeResourceID",
					"value": {
						"resource": "00C728055691D201",
						"flag": "5F"
					}
				},
				"Texture2D_01": {
					"type": "ZRuntimeResourceID",
					"value": {
						"resource": "008CF3B2C6AB6B5F",
						"flag": "5F"
					}
				},
				"ConstantVector1D_01_Value": {
					"type": "float32",
					"value": 0.8600000143051147
				}
			}
		},
		"cafeee6815b11c55": {
			"parent": "22ea5f8267450642",
			"name": "Arms_Elbow_Wrist",
			"factory": "00FCC39B2F164A8C",
			"blueprint": "0011153A1CE6AF9C"
		},
		"cafe7ebcde630b16": {
			"parent": "22ea5f8267450642",
			"name": "Necklace_Dogtag",
			"factory": "00E39B99034B57C3",
			"blueprint": "003194ADEEE3A84C"
		},
		"cafe45fbd61ea582": {
			"parent": "cafea60897242338",
			"name": "hat_cap_snapbuckle",
			"factory": "00AB23C3697D314C",
			"blueprint": "00055CE9C9EB9DE4",
			"properties": {
				"m_mTransform": {
					"type": "SMatrix43",
					"value": {
						"rotation": {
							"x": -81.23773633783489,
							"y": 89.56848693900046,
							"z": -100.18849311501128
						},
						"position": {
							"x": 0.09003599733114243,
							"y": 0.023434000089764595,
							"z": 3.000000106112566e-6
						}
					}
				},
				"Diffuse_Color_01_Value": {
					"type": "SColorRGB",
					"value": "#202231"
				},
				"ConstantVector1D_01_Value_1": {
					"type": "float32",
					"value": 2.0
				},
				"Texture2D_01_1": {
					"type": "ZRuntimeResourceID",
					"value": {
						"resource": "00EA8B66FCED7611",
						"flag": "5F"
					}
				},
				"m_eidParent": {
					"type": "SEntityTemplateReference",
					"value": "cafea60897242338",
					"postInit": true
				}
			}
		},
		"cafea60897242338": {
			"parent": "22ea5f8267450642",
			"name": "Attacher_Head",
			"factory": "[assembly:/templates/aspectdummy.aspect]([modules:/zcompositeentity.class].entitytype,[modules:/zboneattachaspect.class].entitytype).pc_entitytype",
			"blueprint": "[assembly:/templates/aspectdummy.aspect]([modules:/zcompositeentity.class].entitytype,[modules:/zboneattachaspect.class].entitytype).pc_entityblueprint",
			"properties": {
				"m_BoneName": { "type": "ZString", "value": "Head" },
				"m_linkedEntity": {
					"type": "SEntityTemplateReference",
					"value": "22ea5f8267450642"
				},
				"m_eidParent": {
					"type": "SEntityTemplateReference",
					"value": "22ea5f8267450642"
				}
			}
		},
		"cafeba04682d1d9c": {
			"parent": "22ea5f8267450642",
			"name": "Harness_Chest",
			"factory": "0051D4E713E46B5F",
			"blueprint": "0030FB8F3A39C4D5",
			"properties": {
				"m_pMeshResource": {
					"type": "ZRuntimeResourceID",
					"value": {
						"resource": "006BE9BE2ABFD204",
						"flag": "5F"
					}
				},
				"Diffuse_Color_01_Value": {
					"type": "SColorRGB",
					"value": "#272727"
				}
			}
		},
		"cafe234d5b2252b0": {
			"parent": "22ea5f8267450642",
			"name": "Attacher_Chest",
			"factory": "[assembly:/templates/aspectdummy.aspect]([modules:/zcompositeentity.class].entitytype,[modules:/zboneattachaspect.class].entitytype).pc_entitytype",
			"blueprint": "[assembly:/templates/aspectdummy.aspect]([modules:/zcompositeentity.class].entitytype,[modules:/zboneattachaspect.class].entitytype).pc_entityblueprint",
			"properties": {
				"m_BoneName": { "type": "ZString", "value": "Spine2" },
				"m_linkedEntity": {
					"type": "SEntityTemplateReference",
					"value": "22ea5f8267450642"
				},
				"m_mTransform": {
					"type": "SMatrix43",
					"value": {
						"rotation": { "x": -0.0, "y": 0.0, "z": -0.0 },
						"position": { "x": 0.0, "y": 0.0, "z": 0.0 }
					}
				},
				"m_eidParent": {
					"type": "SEntityTemplateReference",
					"value": "22ea5f8267450642"
				}
			}
		},
		"cafe2bcfe7f5b822": {
			"parent": "cafe234d5b2252b0",
			"name": "Pouch_Mag_Big",
			"factory": "00F16C234033A14E",
			"blueprint": "00A71F4593CB841D",
			"properties": {
				"m_mTransform": {
					"type": "SMatrix43",
					"value": {
						"rotation": {
							"x": 55.15810375187312,
							"y": 80.70306516072466,
							"z": 142.45486503033283
						},
						"position": {
							"x": 0.033946000039577484,
							"y": 0.14196400344371796,
							"z": 0.11721400171518326
						}
					}
				},
				"m_ResourceID": {
					"type": "ZRuntimeResourceID",
					"value": {
						"resource": "00F89BF6710D6406",
						"flag": "5F"
					}
				},
				"m_PrimitiveScale": {
					"type": "SVector3",
					"value": {
						"x": 0.8098750114440918,
						"y": 0.6968089938163757,
						"z": 0.627098023891449
					}
				},
				"m_rLinkedProxyEntity": {
					"type": "SEntityTemplateReference",
					"value": "22ea5f8267450642"
				},
				"m_eidParent": {
					"type": "SEntityTemplateReference",
					"value": "cafe234d5b2252b0"
				}
			}
		}
	},
	"propertyOverrides": [],
	"overrideDeletes": [],
	"pinConnectionOverrides": [],
	"pinConnectionOverrideDeletes": [],
	"externalScenes": [],
	"subType": "template",
	"quickEntityVersion": 3.1,
	"extraFactoryDependencies": [
		{
			"resource": "[assembly:/_pro/characters/assets/individuals/paris/philip/textures/male_reg_philip_01_tie_01.texture?/specular_f.tex](ascolormap).pc_tex",
			"flag": "5F"
		},
		{
			"resource": "[assembly:/_pro/characters/assets/individuals/paris/philip/textures/male_reg_philip_01_tie_01.texture?/normal_a.tex](asnormalmap).pc_tex",
			"flag": "5F"
		},
		{ "resource": "00357C8C30F5EDF2", "flag": "5F" },
		{ "resource": "00324339E7353795", "flag": "5F" },
		{ "resource": "00C197DBB1B74FF6", "flag": "5F" },
		{ "resource": "007E2F6DB1068A8D", "flag": "5F" },
		{ "resource": "00AAD107E192CFAE", "flag": "5F" },
		{ "resource": "0063B05E0712FBB3", "flag": "5F" },
		{ "resource": "007D850436B0A092", "flag": "5F" },
		{ "resource": "00D247582859CA87", "flag": "5F" },
		{ "resource": "00D20CA72E352D16", "flag": "5F" },
		{ "resource": "001EE759F57B6DCE", "flag": "5F" },
		{ "resource": "0051A1136DC9485E", "flag": "5F" },
		{ "resource": "00E4CE86EE7A5CC2", "flag": "5F" },
		{ "resource": "00FFC5352D7A5D64", "flag": "5F" },
		{ "resource": "001083E516801F5E", "flag": "5F" },
		{ "resource": "002E38C4C7E4A025", "flag": "5F" },
		{ "resource": "00D8722973695FDC", "flag": "5F" },
		{ "resource": "00CCF189D80F8682", "flag": "5F" },
		{ "resource": "008352F84E1949F2", "flag": "5F" },
		{ "resource": "0062E48BEB6DF280", "flag": "5F" },
		{ "resource": "006A3CDF8C2ED4E6", "flag": "5F" },
		{ "resource": "006A40A918C06460", "flag": "5F" },
		{ "resource": "00B40E9503CF9271", "flag": "5F" }
	],
	"extraBlueprintDependencies": [],
	"comments": []
}
