{
	"tempHash": "00097AA87B144150",
	"tbluHash": "00E738E7CF7A35E1",
	"patch": [
		{
			"SubEntityOperation": [
				"3d230a01566ca341",
				{
					"SetFactory": "[assembly:/_pro/characters/templates/hero/agent47/agent47_outfits.template?/charset_agent47_urbanddusk.entitytemplate].pc_entitytype"
				}
			]
		},
		{
			"SubEntityOperation": [
				"3d230a01566ca341",
				{
					"SetBlueprint": "[assembly:/_pro/characters/templates/hero/agent47/agent47_outfits.template?/charset_agent47_urbanddusk.entitytemplate].pc_entityblueprint"
				}
			]
		}
	],
	"patchVersion": 6
}
