{
	"tempHash": "009A17453B196F98",
	"tbluHash": "0091B044E86A8CE6",
	"rootEntity": "22ea5f8267450642",
	"entities": {
		"22ea5f8267450642": {
			"parent": null,
			"name": "OUTFIT_Agent47_Coastal_Classic",
			"factory": "[assembly:/templates/aspectdummy.aspect]([modules:/zlinkedproxyentity.class].entitytype,[modules:/zclothcharacterentity.class].entitytype,[modules:/zheroidlenetworkaspect.class].entitytype).pc_entitytype",
			"blueprint": "[assembly:/templates/aspectdummy.aspect]([modules:/zlinkedproxyentity.class].entitytype,[modules:/zclothcharacterentity.class].entitytype,[modules:/zheroidlenetworkaspect.class].entitytype).pc_entityblueprint",
			"properties": {
				"m_ResourceID": {
					"type": "ZRuntimeResourceID",
					"value": null
				},
				"m_fLODScale": { "type": "float32", "value": 1.0 },
				"m_mTransform": {
					"type": "SMatrix43",
					"value": {
						"rotation": { "x": -0.0, "y": 0.0, "z": -0.0 },
						"position": {
							"x": 39.068450927734375,
							"y": 4.066530227661133,
							"z": 0.0
						}
					}
				},
				"m_pBonesAndCollisionResource": {
					"type": "ZRuntimeResourceID",
					"value": {
						"resource": "0017416135CF879C",
						"flag": "5F"
					}
				},
				"m_bUsePerVertexStiffness": {
					"type": "bool",
					"value": true
				},
				"m_LocalColliders": {
					"type": "TArray<SEntityTemplateReference>",
					"value": []
				},
				"m_bGlobalCollidersEnabled": {
					"type": "bool",
					"value": false
				},
				"m_fDamping": { "type": "float32", "value": 1.0 },
				"m_fBendStiffness": { "type": "float32", "value": 1.0 },
				"m_bUsePerVertexDamping": {
					"type": "bool",
					"value": true
				},
				"m_fShearStiffness": { "type": "float32", "value": 1.0 },
				"m_bUseSkinningPosNormalConstrains": {
					"type": "bool",
					"value": true
				},
				"m_bUseSkinningNegNormalConstrains": {
					"type": "bool",
					"value": true
				},
				"m_nIterations": { "type": "uint32", "value": 2 },
				"m_fFrequency": { "type": "float32", "value": 90.0 },
				"m_vTranslationScale": {
					"type": "SVector3",
					"value": {
						"x": 0.10000000149011612,
						"y": 0.10000000149011612,
						"z": 0.10000000149011612
					}
				},
				"m_vGravity": {
					"type": "SVector3",
					"value": { "x": 0.0, "y": 0.0, "z": -13.0 }
				},
				"m_fLODOffset": { "type": "float32", "value": 100.0 },
				"m_fDragConstant": { "type": "float32", "value": 1.0 },
				"m_eStretchConstrainType": {
					"type": "EClothStretchConstrainType",
					"value": "eClothBendConstrainType_LRA"
				},
				"m_fAngularVelocityThreshold": {
					"type": "float32",
					"value": 60.0
				},
				"m_eRootBone": {
					"type": "BoneId.Enum",
					"value": "PELVIS"
				},
				"m_bEnableAngularVelocityScale": {
					"type": "bool",
					"value": true
				},
				"m_eBendConstrainType": {
					"type": "EClothBendConstrainType",
					"value": "eClothBendConstrainType_Triangle"
				},
				"m_bRandomStartState": { "type": "bool", "value": true },
				"m_fWindConstant": {
					"type": "float32",
					"value": 0.10000000149011612
				},
				"m_bSimulationEnabled": { "type": "bool", "value": true },
				"m_aBodyParts": {
					"type": "TArray<SEntityTemplateReference>",
					"value": [
						"ca9e86cfdaed4c16",
						"cafe68d741ab983e",
						"cafea002d86ea563",
						"cafe41a1afb05505",
						"cafeabcd26e4db4e",
						"cafe79e5fb93ff92",
						"cafe871bfc0251cc",
						"cafeae1ceb0d40bc"
					],
					"postInit": true
				}
			}
		},
		"ca9e86cfdaed4c16": {
			"parent": "22ea5f8267450642",
			"name": "Head_47",
			"factory": "00537D16B5CE7286",
			"blueprint": "00F2E4A932ECAA63"
		},
		"281539d4914d0e9a": {
			"parent": "22ea5f8267450642",
			"name": "FX_Hitman_Wet_Logic_Character",
			"factory": "0067CFB703A80787",
			"blueprint": "00AA88C960CD2080",
			"properties": {
				"HeadMaterialOverride": {
					"type": "TArray<SEntityTemplateReference>",
					"value": ["22ea5f8267450642"]
				},
				"HeadMaterialToOverride": {
					"type": "ZRuntimeResourceID",
					"value": {
						"resource": "009F7978C601815A",
						"flag": "5F"
					}
				}
			}
		},
		"cafe68d741ab983e": {
			"parent": "22ea5f8267450642",
			"name": "Belt_StrapBuckle",
			"factory": "0017355DDB3D75A3",
			"blueprint": "005F1B0540C7F863",
			"properties": {
				"Diffuse_Color_01_Value": {
					"type": "SColorRGB",
					"value": "#3a2a19"
				}
			}
		},
		"cafea002d86ea563": {
			"parent": "22ea5f8267450642",
			"name": "Pants_Dress_Regular",
			"factory": "00324595397CC0A5",
			"blueprint": "00D58D62EFA4579E",
			"properties": {
				"Texture2D_01": {
					"type": "ZRuntimeResourceID",
					"value": {
						"resource": "00AF802D36A4241A",
						"flag": "5F"
					}
				},
				"ConstantVector1D_01_Value": {
					"type": "float32",
					"value": 0.5
				},
				"Diffuse_Color_01_Value": {
					"type": "SColorRGB",
					"value": "#d0bca2"
				}
			}
		},
		"cafe41a1afb05505": {
			"parent": "22ea5f8267450642",
			"name": "Hands",
			"factory": "009A6D9F7927FB89",
			"blueprint": "00F49463DEA8D412"
		},
		"cafe9ccdcfe5c27a": {
			"parent": "cafe2aa1e3a5fbd0",
			"name": "C_Spine_L",
			"factory": "[assembly:/templates/aspectdummy.aspect]([modules:/zclothsphere.class].entitytype,[modules:/zboneattachaspect.class].entitytype).pc_entitytype",
			"blueprint": "[assembly:/templates/aspectdummy.aspect]([modules:/zclothsphere.class].entitytype,[modules:/zboneattachaspect.class].entitytype).pc_entityblueprint",
			"properties": {
				"m_BoneName": { "type": "ZString", "value": "Spine" },
				"m_linkedEntity": {
					"type": "SEntityTemplateReference",
					"value": null
				},
				"m_fRadius": {
					"type": "float32",
					"value": 0.12999999523162842
				},
				"m_mTransform": {
					"type": "SMatrix43",
					"value": {
						"rotation": {
							"x": -0.05597795813053336,
							"y": 0.0,
							"z": -0.0559780181404361
						},
						"position": {
							"x": 9.999999974752427e-7,
							"y": 0.032037001103162766,
							"z": 0.04795899987220764
						}
					}
				},
				"m_bEnabled": { "type": "bool", "value": true },
				"m_bCollisionGroup0": { "type": "bool", "value": true },
				"m_eidParent": {
					"type": "SEntityTemplateReference",
					"value": "cafe2aa1e3a5fbd0",
					"postInit": true
				}
			}
		},
		"cafe59deb0145aa5": {
			"parent": "cafe2aa1e3a5fbd0",
			"name": "C_Knee_L",
			"factory": "[assembly:/templates/aspectdummy.aspect]([modules:/zclothsphere.class].entitytype,[modules:/zboneattachaspect.class].entitytype).pc_entitytype",
			"blueprint": "[assembly:/templates/aspectdummy.aspect]([modules:/zclothsphere.class].entitytype,[modules:/zboneattachaspect.class].entitytype).pc_entityblueprint",
			"properties": {
				"m_fRadius": {
					"type": "float32",
					"value": 0.09000000357627869
				},
				"m_BoneName": { "type": "ZString", "value": "L_Calf" },
				"m_linkedEntity": {
					"type": "SEntityTemplateReference",
					"value": null
				},
				"m_mTransform": {
					"type": "SMatrix43",
					"value": {
						"rotation": { "x": -0.0, "y": 0.0, "z": -0.0 },
						"position": {
							"x": 0.0012861849972978234,
							"y": -0.009987999685108662,
							"z": -0.007672999985516071
						}
					}
				},
				"m_eidParent": {
					"type": "SEntityTemplateReference",
					"value": "cafe2aa1e3a5fbd0",
					"postInit": true
				}
			}
		},
		"cafe2d5ca0897e74": {
			"parent": "cafe2aa1e3a5fbd0",
			"name": "C_Knee_R",
			"factory": "[assembly:/templates/aspectdummy.aspect]([modules:/zclothsphere.class].entitytype,[modules:/zboneattachaspect.class].entitytype).pc_entitytype",
			"blueprint": "[assembly:/templates/aspectdummy.aspect]([modules:/zclothsphere.class].entitytype,[modules:/zboneattachaspect.class].entitytype).pc_entityblueprint",
			"properties": {
				"m_fRadius": {
					"type": "float32",
					"value": 0.09000000357627869
				},
				"m_BoneName": { "type": "ZString", "value": "R_Calf" },
				"m_linkedEntity": {
					"type": "SEntityTemplateReference",
					"value": null
				},
				"m_mTransform": {
					"type": "SMatrix43",
					"value": {
						"rotation": { "x": -0.0, "y": 0.0, "z": -0.0 },
						"position": {
							"x": 0.0013312119990587234,
							"y": -0.010140989907085896,
							"z": -0.0023399998899549246
						}
					}
				},
				"m_eidParent": {
					"type": "SEntityTemplateReference",
					"value": "cafe2aa1e3a5fbd0",
					"postInit": true
				}
			}
		},
		"cafe96fce2748875": {
			"parent": "cafe2aa1e3a5fbd0",
			"name": "CChain_Spine_L",
			"factory": "[modules:/zclothspherechain.class].pc_entitytype",
			"blueprint": "[modules:/zclothspherechain.class].pc_entityblueprint",
			"properties": {
				"m_mTransform": {
					"type": "SMatrix43",
					"value": {
						"rotation": { "x": -0.0, "y": 0.0, "z": -0.0 },
						"position": {
							"x": -1.290655973207322e-7,
							"y": 2.171457902377938e-9,
							"z": 0.0
						}
					}
				},
				"m_Spheres": {
					"type": "TArray<SEntityTemplateReference>",
					"value": [
						"cafe9ccdcfe5c27a",
						"cafe5e596e9b58e3",
						"cafe59f40c9cb65e"
					],
					"postInit": true
				},
				"m_eidParent": {
					"type": "SEntityTemplateReference",
					"value": "cafe2aa1e3a5fbd0",
					"postInit": true
				}
			}
		},
		"cafe2544bf9be38a": {
			"parent": "cafeabcd26e4db4e",
			"name": "Mesh",
			"factory": "[assembly:/templates/aspectdummy.aspect]([modules:/zbodypartentity.class].entitytype,[modules:/zclothcollidergroupaspect.class].entitytype).pc_entitytype",
			"blueprint": "[assembly:/templates/aspectdummy.aspect]([modules:/zbodypartentity.class].entitytype,[modules:/zclothcollidergroupaspect.class].entitytype).pc_entityblueprint",
			"properties": {
				"m_pMeshResource": {
					"type": "ZRuntimeResourceID",
					"value": {
						"resource": "00A2820C678F33C4",
						"flag": "5F"
					}
				},
				"m_ClothColliders": {
					"type": "TArray<SEntityTemplateReference>",
					"value": ["cafe2aa1e3a5fbd0"],
					"postInit": true
				}
			}
		},
		"cafe3b4506c0b2b8": {
			"parent": "cafe2aa1e3a5fbd0",
			"name": "ColliderGroup",
			"factory": "[modules:/zclothcollidergroup.class].pc_entitytype",
			"blueprint": "[modules:/zclothcollidergroup.class].pc_entityblueprint",
			"properties": {
				"m_ClothColliders": {
					"type": "TArray<SEntityTemplateReference>",
					"value": [
						"cafe3bc7d4fcb5d7",
						"cafe222af9f0049e",
						"cafe96fce2748875"
					],
					"postInit": true
				},
				"m_eidParent": {
					"type": "SEntityTemplateReference",
					"value": "cafe2aa1e3a5fbd0",
					"postInit": true
				}
			}
		},
		"cafe465bc2b76503": {
			"parent": "cafe2aa1e3a5fbd0",
			"name": "C_TighTop_R",
			"factory": "[assembly:/templates/aspectdummy.aspect]([modules:/zclothsphere.class].entitytype,[modules:/zboneattachaspect.class].entitytype).pc_entitytype",
			"blueprint": "[assembly:/templates/aspectdummy.aspect]([modules:/zclothsphere.class].entitytype,[modules:/zboneattachaspect.class].entitytype).pc_entityblueprint",
			"properties": {
				"m_fRadius": {
					"type": "float32",
					"value": 0.13099999725818634
				},
				"m_BoneName": {
					"type": "ZString",
					"value": "RThighTwist"
				},
				"m_linkedEntity": {
					"type": "SEntityTemplateReference",
					"value": null
				},
				"m_mTransform": {
					"type": "SMatrix43",
					"value": {
						"rotation": {
							"x": 0.01976704358638215,
							"y": 0.0,
							"z": -0.0
						},
						"position": {
							"x": 0.0011970000341534617,
							"y": 0.01527000032365322,
							"z": -0.03972499817609787
						}
					}
				},
				"m_eidParent": {
					"type": "SEntityTemplateReference",
					"value": "cafe2aa1e3a5fbd0",
					"postInit": true
				}
			}
		},
		"cafe5e596e9b58e3": {
			"parent": "cafe2aa1e3a5fbd0",
			"name": "C_Spine1_L",
			"factory": "[assembly:/templates/aspectdummy.aspect]([modules:/zclothsphere.class].entitytype,[modules:/zboneattachaspect.class].entitytype).pc_entitytype",
			"blueprint": "[assembly:/templates/aspectdummy.aspect]([modules:/zclothsphere.class].entitytype,[modules:/zboneattachaspect.class].entitytype).pc_entityblueprint",
			"properties": {
				"m_BoneName": { "type": "ZString", "value": "Spine1" },
				"m_linkedEntity": {
					"type": "SEntityTemplateReference",
					"value": null
				},
				"m_fRadius": { "type": "float32", "value": 0.125 },
				"m_mTransform": {
					"type": "SMatrix43",
					"value": {
						"rotation": {
							"x": -0.031283493924624796,
							"y": 0.0,
							"z": -0.0
						},
						"position": {
							"x": -0.0316540002822876,
							"y": 0.035999998450279236,
							"z": 0.0381769984960556
						}
					}
				},
				"m_bEnabled": { "type": "bool", "value": true },
				"m_eidParent": {
					"type": "SEntityTemplateReference",
					"value": "cafe2aa1e3a5fbd0",
					"postInit": true
				}
			}
		},
		"cafe5d2ece832f6b": {
			"parent": "cafe2aa1e3a5fbd0",
			"name": "C_TighMid_L",
			"factory": "[assembly:/templates/aspectdummy.aspect]([modules:/zclothsphere.class].entitytype,[modules:/zboneattachaspect.class].entitytype).pc_entitytype",
			"blueprint": "[assembly:/templates/aspectdummy.aspect]([modules:/zclothsphere.class].entitytype,[modules:/zboneattachaspect.class].entitytype).pc_entityblueprint",
			"properties": {
				"m_fRadius": {
					"type": "float32",
					"value": 0.1289999932050705
				},
				"m_BoneName": {
					"type": "ZString",
					"value": "LThighTwist1"
				},
				"m_linkedEntity": {
					"type": "SEntityTemplateReference",
					"value": null
				},
				"m_mTransform": {
					"type": "SMatrix43",
					"value": {
						"rotation": {
							"x": -0.0,
							"y": 0.019767042409995977,
							"z": -0.0
						},
						"position": {
							"x": 0.054471999406814575,
							"y": 0.016683999449014664,
							"z": 0.0043680001981556416
						}
					}
				},
				"m_bCollisionGroup0": { "type": "bool", "value": true },
				"m_eidParent": {
					"type": "SEntityTemplateReference",
					"value": "cafe2aa1e3a5fbd0",
					"postInit": true
				}
			}
		},
		"cafe56ebf9c6eac9": {
			"parent": "cafe2aa1e3a5fbd0",
			"name": "C_TighTop_L",
			"factory": "[assembly:/templates/aspectdummy.aspect]([modules:/zclothsphere.class].entitytype,[modules:/zboneattachaspect.class].entitytype).pc_entitytype",
			"blueprint": "[assembly:/templates/aspectdummy.aspect]([modules:/zclothsphere.class].entitytype,[modules:/zboneattachaspect.class].entitytype).pc_entityblueprint",
			"properties": {
				"m_fRadius": {
					"type": "float32",
					"value": 0.13099999725818634
				},
				"m_BoneName": {
					"type": "ZString",
					"value": "LThighTwist"
				},
				"m_linkedEntity": {
					"type": "SEntityTemplateReference",
					"value": null
				},
				"m_mTransform": {
					"type": "SMatrix43",
					"value": {
						"rotation": {
							"x": -0.0,
							"y": 0.019767042409995977,
							"z": -0.0
						},
						"position": {
							"x": 0.001041000010445714,
							"y": 0.01335300039499998,
							"z": 0.03816999867558479
						}
					}
				},
				"m_eidParent": {
					"type": "SEntityTemplateReference",
					"value": "cafe2aa1e3a5fbd0",
					"postInit": true
				}
			}
		},
		"cafe59f40c9cb65e": {
			"parent": "cafe2aa1e3a5fbd0",
			"name": "C_Spine2_L",
			"factory": "[assembly:/templates/aspectdummy.aspect]([modules:/zclothsphere.class].entitytype,[modules:/zboneattachaspect.class].entitytype).pc_entitytype",
			"blueprint": "[assembly:/templates/aspectdummy.aspect]([modules:/zclothsphere.class].entitytype,[modules:/zboneattachaspect.class].entitytype).pc_entityblueprint",
			"properties": {
				"m_BoneName": { "type": "ZString", "value": "Spine2" },
				"m_linkedEntity": {
					"type": "SEntityTemplateReference",
					"value": null
				},
				"m_fRadius": {
					"type": "float32",
					"value": 0.15000000596046448
				},
				"m_mTransform": {
					"type": "SMatrix43",
					"value": {
						"rotation": {
							"x": 0.7218317539587317,
							"y": 0.04915981154774293,
							"z": 7.789388884865075
						},
						"position": {
							"x": -0.0348690003156662,
							"y": 0.02468400076031685,
							"z": 0.040442001074552536
						}
					}
				},
				"m_bEnabled": { "type": "bool", "value": true },
				"m_eidParent": {
					"type": "SEntityTemplateReference",
					"value": "cafe2aa1e3a5fbd0",
					"postInit": true
				}
			}
		},
		"cafe87c8da0209e7": {
			"parent": "cafe2aa1e3a5fbd0",
			"name": "C_Pelvis_L",
			"factory": "[assembly:/templates/aspectdummy.aspect]([modules:/zclothsphere.class].entitytype,[modules:/zboneattachaspect.class].entitytype).pc_entitytype",
			"blueprint": "[assembly:/templates/aspectdummy.aspect]([modules:/zclothsphere.class].entitytype,[modules:/zboneattachaspect.class].entitytype).pc_entityblueprint",
			"properties": {
				"m_fRadius": {
					"type": "float32",
					"value": 0.12999999523162842
				},
				"m_BoneName": { "type": "ZString", "value": "Pelvis" },
				"m_linkedEntity": {
					"type": "SEntityTemplateReference",
					"value": null
				},
				"m_mTransform": {
					"type": "SMatrix43",
					"value": {
						"rotation": {
							"x": -0.05597795813053336,
							"y": 0.0,
							"z": -0.0559780181404361
						},
						"position": {
							"x": 0.03650100156664848,
							"y": 0.016163000836968422,
							"z": 0.05415499955415726
						}
					}
				},
				"m_bEnabled": { "type": "bool", "value": true },
				"m_eidParent": {
					"type": "SEntityTemplateReference",
					"value": "cafe2aa1e3a5fbd0",
					"postInit": true
				}
			}
		},
		"cafe7111e6fdccc0": {
			"parent": "cafe2aa1e3a5fbd0",
			"name": "C_Spine1_R",
			"factory": "[assembly:/templates/aspectdummy.aspect]([modules:/zclothsphere.class].entitytype,[modules:/zboneattachaspect.class].entitytype).pc_entitytype",
			"blueprint": "[assembly:/templates/aspectdummy.aspect]([modules:/zclothsphere.class].entitytype,[modules:/zboneattachaspect.class].entitytype).pc_entityblueprint",
			"properties": {
				"m_BoneName": { "type": "ZString", "value": "Spine1" },
				"m_linkedEntity": {
					"type": "SEntityTemplateReference",
					"value": null
				},
				"m_fRadius": { "type": "float32", "value": 0.125 },
				"m_mTransform": {
					"type": "SMatrix43",
					"value": {
						"rotation": {
							"x": -0.031283493924624796,
							"y": 0.0,
							"z": -0.0
						},
						"position": {
							"x": -0.030838999897241592,
							"y": 0.02711400017142296,
							"z": -0.04226800054311752
						}
					}
				},
				"m_bEnabled": { "type": "bool", "value": true },
				"m_eidParent": {
					"type": "SEntityTemplateReference",
					"value": "cafe2aa1e3a5fbd0",
					"postInit": true
				}
			}
		},
		"cafeed0757e1f875": {
			"parent": "cafe2aa1e3a5fbd0",
			"name": "C_Pelvis_R",
			"factory": "[assembly:/templates/aspectdummy.aspect]([modules:/zclothsphere.class].entitytype,[modules:/zboneattachaspect.class].entitytype).pc_entitytype",
			"blueprint": "[assembly:/templates/aspectdummy.aspect]([modules:/zclothsphere.class].entitytype,[modules:/zboneattachaspect.class].entitytype).pc_entityblueprint",
			"properties": {
				"m_fRadius": {
					"type": "float32",
					"value": 0.12999999523162842
				},
				"m_BoneName": { "type": "ZString", "value": "Pelvis" },
				"m_linkedEntity": {
					"type": "SEntityTemplateReference",
					"value": null
				},
				"m_mTransform": {
					"type": "SMatrix43",
					"value": {
						"rotation": {
							"x": -0.05597795813053336,
							"y": 0.0,
							"z": -0.0559780181404361
						},
						"position": {
							"x": 0.03649599850177765,
							"y": 0.016163000836968422,
							"z": -0.05660700052976608
						}
					}
				},
				"m_bEnabled": { "type": "bool", "value": true },
				"m_eidParent": {
					"type": "SEntityTemplateReference",
					"value": "cafe2aa1e3a5fbd0",
					"postInit": true
				}
			}
		},
		"cafe222af9f0049e": {
			"parent": "cafe2aa1e3a5fbd0",
			"name": "CChain_Spine_R",
			"factory": "[modules:/zclothspherechain.class].pc_entitytype",
			"blueprint": "[modules:/zclothspherechain.class].pc_entityblueprint",
			"properties": {
				"m_mTransform": {
					"type": "SMatrix43",
					"value": {
						"rotation": { "x": -0.0, "y": 0.0, "z": -0.0 },
						"position": {
							"x": -1.290655973207322e-7,
							"y": 2.171457902377938e-9,
							"z": 0.0
						}
					}
				},
				"m_Spheres": {
					"type": "TArray<SEntityTemplateReference>",
					"value": [
						"cafec5b4b949b175",
						"cafe7111e6fdccc0",
						"cafeae559f6cb3fc"
					],
					"postInit": true
				},
				"m_eidParent": {
					"type": "SEntityTemplateReference",
					"value": "cafe2aa1e3a5fbd0",
					"postInit": true
				}
			}
		},
		"cafe3bc7d4fcb5d7": {
			"parent": "cafe2aa1e3a5fbd0",
			"name": "CChain_Legs",
			"factory": "[modules:/zclothspherechain.class].pc_entitytype",
			"blueprint": "[modules:/zclothspherechain.class].pc_entityblueprint",
			"properties": {
				"m_mTransform": {
					"type": "SMatrix43",
					"value": {
						"rotation": { "x": -0.0, "y": 0.0, "z": -0.0 },
						"position": {
							"x": -1.290655973207322e-7,
							"y": 2.171457902377938e-9,
							"z": 0.0
						}
					}
				},
				"m_bCollisionGroup0": { "type": "bool", "value": true },
				"m_bEnabled": { "type": "bool", "value": true },
				"m_Spheres": {
					"type": "TArray<SEntityTemplateReference>",
					"value": [
						"cafe2d5ca0897e74",
						"cafefd4b1c0aebdd",
						"cafe465bc2b76503",
						"cafeed0757e1f875",
						"cafe87c8da0209e7",
						"cafe56ebf9c6eac9",
						"cafe5d2ece832f6b",
						"cafe59deb0145aa5"
					],
					"postInit": true
				},
				"m_eidParent": {
					"type": "SEntityTemplateReference",
					"value": "cafe2aa1e3a5fbd0",
					"postInit": true
				}
			}
		},
		"cafeae559f6cb3fc": {
			"parent": "cafe2aa1e3a5fbd0",
			"name": "C_Spine2_R",
			"factory": "[assembly:/templates/aspectdummy.aspect]([modules:/zclothsphere.class].entitytype,[modules:/zboneattachaspect.class].entitytype).pc_entitytype",
			"blueprint": "[assembly:/templates/aspectdummy.aspect]([modules:/zclothsphere.class].entitytype,[modules:/zboneattachaspect.class].entitytype).pc_entityblueprint",
			"properties": {
				"m_BoneName": { "type": "ZString", "value": "Spine2" },
				"m_linkedEntity": {
					"type": "SEntityTemplateReference",
					"value": null
				},
				"m_fRadius": {
					"type": "float32",
					"value": 0.15000000596046448
				},
				"m_mTransform": {
					"type": "SMatrix43",
					"value": {
						"rotation": {
							"x": 0.6075190242261482,
							"y": 0.041310303697811766,
							"z": 7.77816180870083
						},
						"position": {
							"x": -0.034866999834775925,
							"y": 0.024687999859452248,
							"z": -0.04030299931764603
						}
					}
				},
				"m_bEnabled": { "type": "bool", "value": true },
				"m_eidParent": {
					"type": "SEntityTemplateReference",
					"value": "cafe2aa1e3a5fbd0",
					"postInit": true
				}
			}
		},
		"cafefd4b1c0aebdd": {
			"parent": "cafe2aa1e3a5fbd0",
			"name": "C_TighMid_R",
			"factory": "[assembly:/templates/aspectdummy.aspect]([modules:/zclothsphere.class].entitytype,[modules:/zboneattachaspect.class].entitytype).pc_entitytype",
			"blueprint": "[assembly:/templates/aspectdummy.aspect]([modules:/zclothsphere.class].entitytype,[modules:/zboneattachaspect.class].entitytype).pc_entityblueprint",
			"properties": {
				"m_fRadius": {
					"type": "float32",
					"value": 0.1289999932050705
				},
				"m_BoneName": {
					"type": "ZString",
					"value": "RThighTwist1"
				},
				"m_linkedEntity": {
					"type": "SEntityTemplateReference",
					"value": null
				},
				"m_mTransform": {
					"type": "SMatrix43",
					"value": {
						"rotation": {
							"x": 0.01976704358638215,
							"y": 0.0,
							"z": -0.0
						},
						"position": {
							"x": 0.05400099977850914,
							"y": 0.009704000316560268,
							"z": -0.008274000138044357
						}
					}
				},
				"m_eidParent": {
					"type": "SEntityTemplateReference",
					"value": "cafe2aa1e3a5fbd0",
					"postInit": true
				}
			}
		},
		"cafe4b6bb5cf5c14": {
			"parent": "cafeabcd26e4db4e",
			"name": "male_reg_bloodymary_jacket",
			"factory": "[assembly:/_pro/characters/assets/individuals/bangkok/elusivetarget_bloodymary/materials/male_reg_bloodymary_jacket.mi].pc_entitytype",
			"blueprint": "[assembly:/_pro/characters/assets/individuals/bangkok/elusivetarget_bloodymary/materials/male_reg_bloodymary_jacket.mi].pc_entityblueprint",
			"properties": {
				"m_mTransform": {
					"type": "SMatrix43",
					"value": {
						"rotation": { "x": -0.0, "y": 0.0, "z": -0.0 },
						"position": { "x": 0.0, "y": 0.0, "z": 0.0 }
					}
				},
				"Texture2DNormal_01_enab": {
					"type": "bool",
					"value": true
				},
				"Texture2D_03_enab": { "type": "bool", "value": true },
				"Texture2D_01_enab": { "type": "bool", "value": true },
				"Diffuse_Color_01_Value_op": {
					"type": "IRenderMaterialEntity.EModifierOperation",
					"value": "eReplace"
				},
				"ConstantVector1D_01_Value_op": {
					"type": "IRenderMaterialEntity.EModifierOperation",
					"value": "eReplace"
				},
				"Diffuse_Saturation_01_Value_op": {
					"type": "IRenderMaterialEntity.EModifierOperation",
					"value": "eReplace"
				},
				"Diffuse_Hue_Shift_01_Value_op": {
					"type": "IRenderMaterialEntity.EModifierOperation",
					"value": "eReplace"
				},
				"Texture2D_01": {
					"type": "ZRuntimeResourceID",
					"value": {
						"resource": "[assembly:/_pro/characters/assets/individuals/gecko/the_agent/textures/theagent_jacket.texture?/diffuse_a.tex](ascolormap).pc_tex",
						"flag": "5F"
					}
				},
				"ConstantVector1D_16_Value_op": {
					"type": "IRenderMaterialEntity.EModifierOperation",
					"value": "eReplace"
				},
				"ConstantVector1D_13_Value_op": {
					"type": "IRenderMaterialEntity.EModifierOperation",
					"value": "eReplace"
				},
				"ConstantVector1D_13_Value": {
					"type": "float32",
					"value": 0.0
				},
				"Texture2DNormal_01": {
					"type": "ZRuntimeResourceID",
					"value": {
						"resource": "[assembly:/_pro/characters/assets/individuals/gecko/the_agent/textures/theagent_jacket.texture?/normal_a.tex](asnormalmap).pc_tex",
						"flag": "5F"
					}
				},
				"Texture2D_03": {
					"type": "ZRuntimeResourceID",
					"value": {
						"resource": "[assembly:/_pro/characters/assets/individuals/gecko/the_agent/textures/theagent_jacket.texture?/specular_a.tex](ascolormap).pc_tex",
						"flag": "5F"
					}
				},
				"Diffuse_Color_01_Value": {
					"type": "SColorRGB",
					"value": "#464646"
				},
				"ConstantVector1D_01_Value": {
					"type": "float32",
					"value": 0.5
				},
				"Diffuse_Saturation_01_Value": {
					"type": "float32",
					"value": 0.0
				},
				"Diffuse_Hue_Shift_01_Value": {
					"type": "float32",
					"value": 0.0
				},
				"Clients": {
					"type": "TArray<SEntityTemplateReference>",
					"value": ["cafeabcd26e4db4e"],
					"postInit": true
				},
				"m_eidParent": {
					"type": "SEntityTemplateReference",
					"value": "cafeabcd26e4db4e",
					"postInit": true
				}
			}
		},
		"cafeabcd26e4db4e": {
			"parent": "22ea5f8267450642",
			"name": "TheAgent_Jacket",
			"factory": "[modules:/zcompositeentity.class].pc_entitytype",
			"blueprint": "[modules:/zcompositeentity.class].pc_entityblueprint",
			"properties": {
				"m_mTransform": {
					"type": "SMatrix43",
					"value": {
						"rotation": { "x": -0.0, "y": 0.0, "z": -0.0 },
						"position": {
							"x": -11.753009796142578,
							"y": -0.07981699705123901,
							"z": 0.0
						}
					}
				},
				"Diffuse_Saturation_01_Value": {
					"type": "float32",
					"value": 0.0
				},
				"Diffuse_Color_01_Value": {
					"type": "SColorRGB",
					"value": "#3d4456"
				},
				"Texture2D_03": {
					"type": "ZRuntimeResourceID",
					"value": {
						"resource": "[assembly:/_pro/characters/assets/individuals/gecko/the_agent/textures/theagent_jacket.texture?/specular_a.tex](ascolormap).pc_tex",
						"flag": "5F"
					}
				},
				"Texture2DNormal_01": {
					"type": "ZRuntimeResourceID",
					"value": {
						"resource": "[assembly:/_pro/characters/assets/individuals/gecko/the_agent/textures/theagent_jacket.texture?/normal_a.tex](asnormalmap).pc_tex",
						"flag": "5F"
					}
				},
				"m_eidParent": {
					"type": "SEntityTemplateReference",
					"value": "22ea5f8267450642"
				}
			},
			"propertyAliases": {
				"ConstantVector1D_01_Value": [
					{
						"originalProperty": "ConstantVector1D_01_Value",
						"originalEntity": "cafe4b6bb5cf5c14"
					}
				],
				"Diffuse_Color_01_Value": [
					{
						"originalProperty": "Diffuse_Color_01_Value",
						"originalEntity": "cafe4b6bb5cf5c14"
					}
				],
				"Diffuse_Hue_Shift_01_Value": [
					{
						"originalProperty": "Diffuse_Hue_Shift_01_Value",
						"originalEntity": "cafe4b6bb5cf5c14"
					}
				],
				"Diffuse_Saturation_01_Value": [
					{
						"originalProperty": "Diffuse_Saturation_01_Value",
						"originalEntity": "cafe4b6bb5cf5c14"
					}
				],
				"Texture2DNormal_01": [
					{
						"originalProperty": "Texture2DNormal_01",
						"originalEntity": "cafe4b6bb5cf5c14"
					}
				],
				"Texture2D_03": [
					{
						"originalProperty": "Texture2D_03",
						"originalEntity": "cafe4b6bb5cf5c14"
					}
				]
			},
			"exposedInterfaces": {
				"ZClothColliderGroupAspect": "cafe2544bf9be38a",
				"ZBodyPartEntity": "cafe2544bf9be38a"
			}
		},
		"cafec5b4b949b175": {
			"parent": "cafe2aa1e3a5fbd0",
			"name": "C_Spine_R",
			"factory": "[assembly:/templates/aspectdummy.aspect]([modules:/zclothsphere.class].entitytype,[modules:/zboneattachaspect.class].entitytype).pc_entitytype",
			"blueprint": "[assembly:/templates/aspectdummy.aspect]([modules:/zclothsphere.class].entitytype,[modules:/zboneattachaspect.class].entitytype).pc_entityblueprint",
			"properties": {
				"m_BoneName": { "type": "ZString", "value": "Spine" },
				"m_linkedEntity": {
					"type": "SEntityTemplateReference",
					"value": null
				},
				"m_fRadius": {
					"type": "float32",
					"value": 0.12999999523162842
				},
				"m_mTransform": {
					"type": "SMatrix43",
					"value": {
						"rotation": {
							"x": -0.05930116869051336,
							"y": 0.04847224576540893,
							"z": -0.06250971406781076
						},
						"position": {
							"x": -1.9999999949504854e-6,
							"y": 0.030573999509215355,
							"z": -0.050732001662254333
						}
					}
				},
				"m_bEnabled": { "type": "bool", "value": true },
				"m_bCollisionGroup0": { "type": "bool", "value": true },
				"m_eidParent": {
					"type": "SEntityTemplateReference",
					"value": "cafe2aa1e3a5fbd0",
					"postInit": true
				}
			}
		},
		"cafe2aa1e3a5fbd0": {
			"parent": "cafeabcd26e4db4e",
			"name": "Collider",
			"factory": "[modules:/zcompositeentity.class].pc_entitytype",
			"blueprint": "[modules:/zcompositeentity.class].pc_entityblueprint",
			"properties": {
				"m_mTransform": {
					"type": "SMatrix43",
					"value": {
						"rotation": { "x": -0.0, "y": 0.0, "z": -0.0 },
						"position": { "x": 0.0, "y": 0.0, "z": 0.0 }
					}
				},
				"m_linkedEntity": {
					"type": "SEntityTemplateReference",
					"value": "22ea5f8267450642"
				},
				"m_eidParent": {
					"type": "SEntityTemplateReference",
					"value": "cafeabcd26e4db4e"
				}
			},
			"propertyAliases": {
				"m_linkedEntity": [
					{
						"originalProperty": "m_linkedEntity",
						"originalEntity": "cafe59deb0145aa5"
					},
					{
						"originalProperty": "m_linkedEntity",
						"originalEntity": "cafe2d5ca0897e74"
					},
					{
						"originalProperty": "m_linkedEntity",
						"originalEntity": "cafe5d2ece832f6b"
					},
					{
						"originalProperty": "m_linkedEntity",
						"originalEntity": "cafefd4b1c0aebdd"
					},
					{
						"originalProperty": "m_linkedEntity",
						"originalEntity": "cafe465bc2b76503"
					},
					{
						"originalProperty": "m_linkedEntity",
						"originalEntity": "cafe56ebf9c6eac9"
					},
					{
						"originalProperty": "m_linkedEntity",
						"originalEntity": "cafe87c8da0209e7"
					},
					{
						"originalProperty": "m_linkedEntity",
						"originalEntity": "cafeae559f6cb3fc"
					},
					{
						"originalProperty": "m_linkedEntity",
						"originalEntity": "cafe7111e6fdccc0"
					},
					{
						"originalProperty": "m_linkedEntity",
						"originalEntity": "cafec5b4b949b175"
					},
					{
						"originalProperty": "m_linkedEntity",
						"originalEntity": "cafe9ccdcfe5c27a"
					},
					{
						"originalProperty": "m_linkedEntity",
						"originalEntity": "cafe5e596e9b58e3"
					},
					{
						"originalProperty": "m_linkedEntity",
						"originalEntity": "cafe59f40c9cb65e"
					},
					{
						"originalProperty": "m_linkedEntity",
						"originalEntity": "cafeed0757e1f875"
					}
				]
			},
			"exposedInterfaces": {
				"ZClothCollider": "cafe3b4506c0b2b8",
				"ZClothColliderGroup": "cafe3b4506c0b2b8"
			}
		},
		"cafe79e5fb93ff92": {
			"parent": "22ea5f8267450642",
			"name": "Shirt_Dress_BtnUp_Tkd_2open_Cut_Jacket",
			"factory": "00F15236FC53B0E8",
			"blueprint": "0076A4499F0A79F8",
			"properties": {
				"Diffuse_Color_02_Value": {
					"type": "SColorRGB",
					"value": "#ffffff"
				},
				"Diffuse_Color_01_Value": {
					"type": "SColorRGB",
					"value": "#ffffff"
				},
				"ConstantVector1D_01_Value": {
					"type": "float32",
					"value": 0.5
				},
				"m_pMeshResource": {
					"type": "ZRuntimeResourceID",
					"value": {
						"resource": "00AE5D10051B9DD0",
						"flag": "5F"
					}
				}
			}
		},
		"cafe871bfc0251cc": {
			"parent": "22ea5f8267450642",
			"name": "Torso_Neck",
			"factory": "00D43167687E61AD",
			"blueprint": "007E9340AD2C2425"
		},
		"cafee1f40d0b2516": {
			"parent": "22ea5f8267450642",
			"name": "Attacher_Head",
			"factory": "[assembly:/templates/aspectdummy.aspect]([modules:/zcompositeentity.class].entitytype,[modules:/zboneattachaspect.class].entitytype).pc_entitytype",
			"blueprint": "[assembly:/templates/aspectdummy.aspect]([modules:/zcompositeentity.class].entitytype,[modules:/zboneattachaspect.class].entitytype).pc_entityblueprint",
			"properties": {
				"m_BoneName": { "type": "ZString", "value": "Head" },
				"m_linkedEntity": {
					"type": "SEntityTemplateReference",
					"value": "22ea5f8267450642"
				},
				"m_mTransform": {
					"type": "SMatrix43",
					"value": {
						"rotation": { "x": -0.0, "y": 0.0, "z": -0.0 },
						"position": { "x": 0.0, "y": 0.0, "z": 0.0 }
					}
				},
				"m_eidParent": {
					"type": "SEntityTemplateReference",
					"value": "22ea5f8267450642"
				}
			}
		},
		"cafe2c41c7af57c3": {
			"parent": "cafee1f40d0b2516",
			"name": "glasses_47_miami",
			"factory": "00D0D8A9FA7D6B43",
			"blueprint": "00127637484C9445",
			"properties": {
				"m_mTransform": {
					"type": "SMatrix43",
					"value": {
						"rotation": {
							"x": -0.0,
							"y": 89.90213720978818,
							"z": 173.35846158856168
						},
						"position": {
							"x": 0.07975500077009201,
							"y": 0.00867099966853857,
							"z": 0.00005400000009103678
						}
					}
				},
				"m_eidParent": {
					"type": "SEntityTemplateReference",
					"value": "cafee1f40d0b2516"
				},
				"m_PrimitiveScale": {
					"type": "SVector3",
					"value": {
						"x": 0.9563239812850952,
						"y": 0.975000023841858,
						"z": 0.975000023841858
					}
				},
				"m_rLinkedProxyEntity": {
					"type": "SEntityTemplateReference",
					"value": "22ea5f8267450642"
				}
			}
		},
		"cafeae1ceb0d40bc": {
			"parent": "22ea5f8267450642",
			"name": "Shoes_Derby_CapToe_SquareTip",
			"factory": "0033E9BBFCA7B067",
			"blueprint": "0002D822B863CAA8",
			"properties": {
				"Diffuse_Color_01_Value": {
					"type": "SColorRGB",
					"value": "#4e3a26"
				}
			}
		}
	},
	"propertyOverrides": [],
	"overrideDeletes": [],
	"pinConnectionOverrides": [],
	"pinConnectionOverrideDeletes": [],
	"externalScenes": [],
	"subType": "template",
	"quickEntityVersion": 3.1,
	"extraFactoryDependencies": [
		{
			"resource": "[assembly:/_pro/characters/assets/individuals/paris/philip/textures/male_reg_philip_01_tie_01.texture?/specular_f.tex](ascolormap).pc_tex",
			"flag": "5F"
		},
		{
			"resource": "[assembly:/_pro/characters/assets/individuals/paris/philip/textures/male_reg_philip_01_tie_01.texture?/normal_a.tex](asnormalmap).pc_tex",
			"flag": "5F"
		},
		{ "resource": "00357C8C30F5EDF2", "flag": "5F" },
		{ "resource": "00324339E7353795", "flag": "5F" },
		{ "resource": "00C197DBB1B74FF6", "flag": "5F" },
		{ "resource": "007E2F6DB1068A8D", "flag": "5F" },
		{ "resource": "00AAD107E192CFAE", "flag": "5F" },
		{ "resource": "0063B05E0712FBB3", "flag": "5F" },
		{ "resource": "007D850436B0A092", "flag": "5F" },
		{ "resource": "00D247582859CA87", "flag": "5F" },
		{ "resource": "00D20CA72E352D16", "flag": "5F" },
		{ "resource": "001EE759F57B6DCE", "flag": "5F" },
		{ "resource": "0051A1136DC9485E", "flag": "5F" },
		{ "resource": "00E4CE86EE7A5CC2", "flag": "5F" },
		{ "resource": "00FFC5352D7A5D64", "flag": "5F" },
		{ "resource": "001083E516801F5E", "flag": "5F" },
		{ "resource": "002E38C4C7E4A025", "flag": "5F" },
		{ "resource": "00D8722973695FDC", "flag": "5F" },
		{ "resource": "00CCF189D80F8682", "flag": "5F" },
		{ "resource": "008352F84E1949F2", "flag": "5F" },
		{ "resource": "0062E48BEB6DF280", "flag": "5F" },
		{ "resource": "006A3CDF8C2ED4E6", "flag": "5F" },
		{ "resource": "006A40A918C06460", "flag": "5F" },
		{ "resource": "00B40E9503CF9271", "flag": "5F" }
	],
	"extraBlueprintDependencies": [],
	"comments": []
}
