{
	"tempHash": "00729C7476A19656",
	"tbluHash": "006975CDBDFA7ED0",
	"rootEntity": "22ea5f8267450642",
	"entities": {
		"22ea5f8267450642": {
			"parent": null,
			"name": "OUTFIT_Agent47_Navy_Blue_HeroA_V0",
			"factory": "[assembly:/templates/aspectdummy.aspect]([modules:/zlinkedproxyentity.class].entitytype,[modules:/zclothcharacterentity.class].entitytype,[modules:/zheroidlenetworkaspect.class].entitytype).pc_entitytype",
			"blueprint": "[assembly:/templates/aspectdummy.aspect]([modules:/zlinkedproxyentity.class].entitytype,[modules:/zclothcharacterentity.class].entitytype,[modules:/zheroidlenetworkaspect.class].entitytype).pc_entityblueprint",
			"properties": {
				"m_ResourceID": {
					"type": "ZRuntimeResourceID",
					"value": null
				},
				"m_fLODScale": { "type": "float32", "value": 1.0 },
				"m_mTransform": {
					"type": "SMatrix43",
					"value": {
						"rotation": { "x": -0.0, "y": 0.0, "z": -0.0 },
						"position": {
							"x": 39.068450927734375,
							"y": 4.066530227661133,
							"z": 0.0
						}
					}
				},
				"m_pBonesAndCollisionResource": {
					"type": "ZRuntimeResourceID",
					"value": {
						"resource": "0017416135CF879C",
						"flag": "5F"
					}
				},
				"m_bUsePerVertexStiffness": {
					"type": "bool",
					"value": true
				},
				"m_LocalColliders": {
					"type": "TArray<SEntityTemplateReference>",
					"value": []
				},
				"m_bGlobalCollidersEnabled": {
					"type": "bool",
					"value": false
				},
				"m_fDamping": { "type": "float32", "value": 1.0 },
				"m_fBendStiffness": { "type": "float32", "value": 1.0 },
				"m_bUsePerVertexDamping": {
					"type": "bool",
					"value": true
				},
				"m_fShearStiffness": { "type": "float32", "value": 1.0 },
				"m_bUseSkinningPosNormalConstrains": {
					"type": "bool",
					"value": true
				},
				"m_bUseSkinningNegNormalConstrains": {
					"type": "bool",
					"value": true
				},
				"m_nIterations": { "type": "uint32", "value": 2 },
				"m_fFrequency": { "type": "float32", "value": 90.0 },
				"m_vTranslationScale": {
					"type": "SVector3",
					"value": {
						"x": 0.10000000149011612,
						"y": 0.10000000149011612,
						"z": 0.10000000149011612
					}
				},
				"m_vGravity": {
					"type": "SVector3",
					"value": { "x": 0.0, "y": 0.0, "z": -13.0 }
				},
				"m_fLODOffset": { "type": "float32", "value": 100.0 },
				"m_fDragConstant": { "type": "float32", "value": 1.0 },
				"m_eStretchConstrainType": {
					"type": "EClothStretchConstrainType",
					"value": "eClothBendConstrainType_LRA"
				},
				"m_fAngularVelocityThreshold": {
					"type": "float32",
					"value": 60.0
				},
				"m_eRootBone": {
					"type": "BoneId.Enum",
					"value": "PELVIS"
				},
				"m_bEnableAngularVelocityScale": {
					"type": "bool",
					"value": true
				},
				"m_eBendConstrainType": {
					"type": "EClothBendConstrainType",
					"value": "eClothBendConstrainType_Triangle"
				},
				"m_bRandomStartState": { "type": "bool", "value": true },
				"m_fWindConstant": {
					"type": "float32",
					"value": 0.10000000149011612
				},
				"m_bSimulationEnabled": { "type": "bool", "value": true },
				"m_aBodyParts": {
					"type": "TArray<SEntityTemplateReference>",
					"value": [
						"ca9e86cfdaed4c16",
						"cafe9ee1174c5f6e",
						"cafea5c99ceae86a",
						"cafe8d904d7ee412",
						"cafe7600f45b74f7",
						"cafec7bbce8fff39",
						"cafe66de2c86378b",
						"cafe9f7b516e510e",
						"cafefc52b7c803d3",
						"cafe2767ce0e8f33"
					],
					"postInit": true
				}
			}
		},
		"ca9e86cfdaed4c16": {
			"parent": "22ea5f8267450642",
			"name": "Head_47",
			"factory": "00537D16B5CE7286",
			"blueprint": "00F2E4A932ECAA63"
		},
		"281539d4914d0e9a": {
			"parent": "22ea5f8267450642",
			"name": "FX_Hitman_Wet_Logic_Character",
			"factory": "0067CFB703A80787",
			"blueprint": "00AA88C960CD2080",
			"properties": {
				"HeadMaterialOverride": {
					"type": "TArray<SEntityTemplateReference>",
					"value": ["22ea5f8267450642"]
				},
				"HeadMaterialToOverride": {
					"type": "ZRuntimeResourceID",
					"value": {
						"resource": "009F7978C601815A",
						"flag": "5F"
					}
				}
			}
		},
		"cafe8d904d7ee412": {
			"parent": "22ea5f8267450642",
			"name": "Arms_Elbow_Hand",
			"factory": "00A29B00CF575A54",
			"blueprint": "006FE46DA08946A8"
		},
		"cafe9ee1174c5f6e": {
			"parent": "22ea5f8267450642",
			"name": "Torso_Neck_LowCut",
			"factory": "00AC8D5EB0F5A755",
			"blueprint": "00CC398F7A37A27F"
		},
		"cafe7600f45b74f7": {
			"parent": "22ea5f8267450642",
			"name": "Shirt_Dress_Sleeves_Rolled",
			"factory": "008CB2D0700C7E65",
			"blueprint": "0094139155BEECF6",
			"properties": {
				"Diffuse_Color_01_Value": {
					"type": "SColorRGB",
					"value": "#29374c"
				},
				"Texture2D_01": {
					"type": "ZRuntimeResourceID",
					"value": {
						"resource": "00320A34D5CBA5E3",
						"flag": "5F"
					}
				}
			}
		},
		"cafea5c99ceae86a": {
			"parent": "22ea5f8267450642",
			"name": "Belt_StrapBuckle",
			"factory": "0017355DDB3D75A3",
			"blueprint": "005F1B0540C7F863",
			"properties": {
				"Diffuse_Color_01_Value": {
					"type": "SColorRGB",
					"value": "#43341e"
				}
			}
		},
		"cafec7bbce8fff39": {
			"parent": "22ea5f8267450642",
			"name": "Shirt_Dress_Torso_BtnUp_Tkd_3open",
			"factory": "0048C4FC007FC707",
			"blueprint": "00B4A9BD02A90D81",
			"properties": {
				"Diffuse_Color_01_Value": {
					"type": "SColorRGB",
					"value": "#29374c"
				},
				"Texture2D_01": {
					"type": "ZRuntimeResourceID",
					"value": {
						"resource": "00C80627F2786FDC",
						"flag": "5F"
					}
				}
			}
		},
		"cafe29118cff804d": {
			"parent": "cafedc22781164af",
			"name": "Watch_Sporty_3Crown",
			"factory": "008B2E9F9C87B4FE",
			"blueprint": "001D0A50CC8378B5",
			"properties": {
				"m_mTransform": {
					"type": "SMatrix43",
					"value": {
						"rotation": {
							"x": -1.3075063536173104,
							"y": -0.29914262354987625,
							"z": -86.80836273850927
						},
						"position": {
							"x": 0.2160930037498474,
							"y": 0.00012399999832268804,
							"z": 0.013942000456154346
						}
					}
				},
				"m_PrimitiveScale": {
					"type": "SVector3",
					"value": { "x": 1.0, "y": 1.0, "z": 1.0 }
				},
				"m_eidParent": {
					"type": "SEntityTemplateReference",
					"value": "cafedc22781164af",
					"postInit": true
				}
			}
		},
		"cafedc22781164af": {
			"parent": "22ea5f8267450642",
			"name": "Attacher_Wrist_L",
			"factory": "[assembly:/templates/aspectdummy.aspect]([modules:/zcompositeentity.class].entitytype,[modules:/zboneattachaspect.class].entitytype).pc_entitytype",
			"blueprint": "[assembly:/templates/aspectdummy.aspect]([modules:/zcompositeentity.class].entitytype,[modules:/zboneattachaspect.class].entitytype).pc_entityblueprint",
			"properties": {
				"m_BoneName": { "type": "ZString", "value": "L_Forearm" },
				"m_linkedEntity": {
					"type": "SEntityTemplateReference",
					"value": "22ea5f8267450642"
				},
				"m_eidParent": {
					"type": "SEntityTemplateReference",
					"value": "22ea5f8267450642"
				}
			}
		},
		"cafe8c73dd29fd89": {
			"parent": "cafedc22781164af",
			"name": "Bracelet_Leather_Strap",
			"factory": "001F119BFAE57CF7",
			"blueprint": "00DFC51C8ADFB832",
			"properties": {
				"m_mTransform": {
					"type": "SMatrix43",
					"value": {
						"rotation": {
							"x": -1.298393405405705,
							"y": -0.29444432556465633,
							"z": -85.99382797652866
						},
						"position": {
							"x": 0.22769400477409363,
							"y": -0.0014750000555068254,
							"z": 0.004015000071376562
						}
					}
				},
				"m_PrimitiveScale": {
					"type": "SVector3",
					"value": { "x": 1.0, "y": 1.0, "z": 1.0 }
				},
				"Diffuse_Color_01_Value": {
					"type": "SColorRGB",
					"value": "#5d4529"
				},
				"m_eidParent": {
					"type": "SEntityTemplateReference",
					"value": "cafedc22781164af"
				}
			}
		},
		"cafe66de2c86378b": {
			"parent": "22ea5f8267450642",
			"name": "Necklace_SharkTooth",
			"factory": "002D1D9B945DACB4",
			"blueprint": "00C93D0D6238E771"
		},
		"cafe1b5948941568": {
			"parent": "cafe2333d0c779d9",
			"name": "male_reg_agent47_sapienza_glasses",
			"factory": "[assembly:/_pro/characters/assets/hero/agent47/materials/male_reg_agent47_sapienza_glasses.mi].pc_entitytype",
			"blueprint": "[assembly:/_pro/characters/assets/hero/agent47/materials/male_reg_agent47_sapienza_glasses.mi].pc_entityblueprint",
			"properties": {
				"m_mTransform": {
					"type": "SMatrix43",
					"value": {
						"rotation": { "x": -0.0, "y": 0.0, "z": -0.0 },
						"position": { "x": 0.0, "y": 0.0, "z": 0.0 }
					}
				},
				"Texture2D_01_enab": { "type": "bool", "value": true },
				"ConstantVector1D_03_Value_op": {
					"type": "IRenderMaterialEntity.EModifierOperation",
					"value": "eLeave"
				},
				"ConstantVector1D_03_Value": {
					"type": "float32",
					"value": 3.0
				},
				"Texture2D_03_enab": { "type": "bool", "value": true },
				"Texture2D_03": {
					"type": "ZRuntimeResourceID",
					"value": {
						"resource": "006D73C8F30CB76A",
						"flag": "5F"
					}
				},
				"Diffuse_Color_01_Value_op": {
					"type": "IRenderMaterialEntity.EModifierOperation",
					"value": "eReplace"
				},
				"Clients": {
					"type": "TArray<SEntityTemplateReference>",
					"value": ["cafe2333d0c779d9"],
					"postInit": true
				},
				"m_eidParent": {
					"type": "SEntityTemplateReference",
					"value": "cafe2333d0c779d9",
					"postInit": true
				}
			}
		},
		"cafe61823b4d67ff": {
			"parent": "cafe2333d0c779d9",
			"name": "male_reg_hippie_glass_01",
			"factory": "[assembly:/_pro/characters/assets/individuals/italy/hippie/materials/male_reg_hippie_glass_01.mi].pc_entitytype",
			"blueprint": "[assembly:/_pro/characters/assets/individuals/italy/hippie/materials/male_reg_hippie_glass_01.mi].pc_entityblueprint",
			"properties": {
				"m_mTransform": {
					"type": "SMatrix43",
					"value": {
						"rotation": { "x": -0.0, "y": 0.0, "z": -0.0 },
						"position": { "x": 0.0, "y": 0.0, "z": 0.0 }
					}
				},
				"Diffuse_Tint_Value_op": {
					"type": "IRenderMaterialEntity.EModifierOperation",
					"value": "eReplace"
				},
				"Diffuse_Tint_Value": {
					"type": "SColorRGB",
					"value": "#cfa438"
				},
				"Texture2D_01_enab": { "type": "bool", "value": true },
				"Texture2D_03_enab": { "type": "bool", "value": true },
				"Texture2DNormal_01_enab": {
					"type": "bool",
					"value": true
				},
				"Texture2DNormal_01": {
					"type": "ZRuntimeResourceID",
					"value": {
						"resource": "[assembly:/_pro/characters/assets/individuals/italy/psychiatrist/textures/male_reg_psychiatrist_glasses_01.texture?/normal_a.tex](asnormalmap).pc_tex",
						"flag": "5F"
					}
				},
				"Texture2D_03": {
					"type": "ZRuntimeResourceID",
					"value": {
						"resource": "[assembly:/_pro/characters/assets/individuals/italy/psychiatrist/textures/male_reg_psychiatrist_glasses_01.texture?/specular_a.tex](ascolormap).pc_tex",
						"flag": "5F"
					}
				},
				"ConstantVector1D_01_Value_op": {
					"type": "IRenderMaterialEntity.EModifierOperation",
					"value": "eReplace"
				},
				"ConstantVector1D_01_Value": {
					"type": "float32",
					"value": 1.0
				},
				"ConstantVector1D_05_Value_op": {
					"type": "IRenderMaterialEntity.EModifierOperation",
					"value": "eReplace"
				},
				"ConstantVector1D_04_Value_op": {
					"type": "IRenderMaterialEntity.EModifierOperation",
					"value": "eReplace"
				},
				"Texture2D_01": {
					"type": "ZRuntimeResourceID",
					"value": {
						"resource": "[assembly:/_pro/characters/assets/individuals/italy/psychiatrist/textures/male_reg_psychiatrist_glasses_01.texture?/diffuse_d.tex](ascolormap).pc_tex",
						"flag": "5F"
					}
				},
				"Clients": {
					"type": "TArray<SEntityTemplateReference>",
					"value": ["cafe2333d0c779d9"],
					"postInit": true
				},
				"m_eidParent": {
					"type": "SEntityTemplateReference",
					"value": "cafe2333d0c779d9",
					"postInit": true
				}
			}
		},
		"cafe172d66f4a872": {
			"parent": "22ea5f8267450642",
			"name": "Attacher_Head",
			"factory": "[assembly:/templates/aspectdummy.aspect]([modules:/zcompositeentity.class].entitytype,[modules:/zboneattachaspect.class].entitytype).pc_entitytype",
			"blueprint": "[assembly:/templates/aspectdummy.aspect]([modules:/zcompositeentity.class].entitytype,[modules:/zboneattachaspect.class].entitytype).pc_entityblueprint",
			"properties": {
				"m_BoneName": { "type": "ZString", "value": "Head" },
				"m_linkedEntity": {
					"type": "SEntityTemplateReference",
					"value": "22ea5f8267450642"
				},
				"m_mTransform": {
					"type": "SMatrix43",
					"value": {
						"rotation": { "x": -0.0, "y": 0.0, "z": -0.0 },
						"position": { "x": 0.0, "y": 0.0, "z": 0.0 }
					}
				},
				"m_eidParent": {
					"type": "SEntityTemplateReference",
					"value": "22ea5f8267450642"
				}
			}
		},
		"cafe2333d0c779d9": {
			"parent": "cafe172d66f4a872",
			"name": "glasses_aviator_fullframe_bridge",
			"factory": "00048AC085AE6F1F",
			"blueprint": "00E028A01FECA84D",
			"properties": {
				"m_mTransform": {
					"type": "SMatrix43",
					"value": {
						"rotation": {
							"x": 174.69249794840366,
							"y": 89.99943280121141,
							"z": 0.0
						},
						"position": {
							"x": 0.07404900342226028,
							"y": 0.007860999554395676,
							"z": 0.0
						}
					}
				},
				"m_eidParent": {
					"type": "SEntityTemplateReference",
					"value": "cafe172d66f4a872"
				},
				"Texture2D_01_1": {
					"type": "ZRuntimeResourceID",
					"value": {
						"resource": "004F17CF687DDC82",
						"flag": "5F"
					}
				},
				"m_PrimitiveScale": {
					"type": "SVector3",
					"value": {
						"x": 0.8999999761581421,
						"y": 1.0,
						"z": 0.8999999761581421
					}
				},
				"m_rLinkedProxyEntity": {
					"type": "SEntityTemplateReference",
					"value": "22ea5f8267450642"
				}
			}
		},
		"cafebaa9e1a37963": {
			"parent": "cafeeaab4d05bd9e",
			"name": "Bracelet_Leather_Thin_Gold",
			"factory": "00798A8FE615B237",
			"blueprint": "0073D353F796FAA6",
			"properties": {
				"m_mTransform": {
					"type": "SMatrix43",
					"value": {
						"rotation": {
							"x": 0.035981745312430057,
							"y": 0.03735682124975797,
							"z": -87.80021821255747
						},
						"position": {
							"x": 0.04673299938440323,
							"y": 0.0015369999455288053,
							"z": 7.999999979801942e-6
						}
					}
				},
				"m_eidParent": {
					"type": "SEntityTemplateReference",
					"value": "cafeeaab4d05bd9e",
					"postInit": true
				}
			}
		},
		"cafeeaab4d05bd9e": {
			"parent": "22ea5f8267450642",
			"name": "Attacher_Wrist_R",
			"factory": "[assembly:/templates/aspectdummy.aspect]([modules:/zcompositeentity.class].entitytype,[modules:/zboneattachaspect.class].entitytype).pc_entitytype",
			"blueprint": "[assembly:/templates/aspectdummy.aspect]([modules:/zcompositeentity.class].entitytype,[modules:/zboneattachaspect.class].entitytype).pc_entityblueprint",
			"properties": {
				"m_BoneName": {
					"type": "ZString",
					"value": "R_ForeTwist2"
				},
				"m_linkedEntity": {
					"type": "SEntityTemplateReference",
					"value": "22ea5f8267450642"
				},
				"m_eidParent": {
					"type": "SEntityTemplateReference",
					"value": "22ea5f8267450642"
				}
			}
		},
		"cafe9f7b516e510e": {
			"parent": "22ea5f8267450642",
			"name": "Mesh_Pant",
			"factory": "[modules:/zbodypartentity.class].pc_entitytype",
			"blueprint": "[modules:/zbodypartentity.class].pc_entityblueprint",
			"properties": {
				"m_pMeshResource": {
					"type": "ZRuntimeResourceID",
					"value": {
						"resource": "00C42A009B8ECE2F",
						"flag": "5F"
					}
				},
				"m_IsHiddenInVR": { "type": "bool", "value": true }
			},
			"platformSpecificProperties": {
				"VR_PS4": {
					"m_IsHiddenInVR": { "type": "bool", "value": false }
				}
			}
		},
		"cafe15cecc0386db": {
			"parent": "cafe9f7b516e510e",
			"name": "agent47_pants_buttons_back",
			"factory": "[assembly:/_pro/characters/assets/hero/agent47/materials/agent47_pants_buttons_back.mi].pc_entitytype",
			"blueprint": "[assembly:/_pro/characters/assets/hero/agent47/materials/agent47_pants_buttons_back.mi].pc_entityblueprint",
			"properties": {
				"m_mTransform": {
					"type": "SMatrix43",
					"value": {
						"rotation": { "x": -0.0, "y": 0.0, "z": -0.0 },
						"position": { "x": 0.0, "y": 0.0, "z": 0.0 }
					}
				},
				"Clients": {
					"type": "TArray<SEntityTemplateReference>",
					"value": ["cafe9f7b516e510e"]
				},
				"Diffuse_Color_01_Value_op": {
					"type": "IRenderMaterialEntity.EModifierOperation",
					"value": "eReplace"
				},
				"Diffuse_Color_01_Value": {
					"type": "SColorRGB",
					"value": "#584d39"
				},
				"m_eidParent": {
					"type": "SEntityTemplateReference",
					"value": "22ea5f8267450642",
					"postInit": true
				}
			}
		},
		"cafe43858cac944f": {
			"parent": "cafe9f7b516e510e",
			"name": "male_reg_suit_pants_01",
			"factory": "0074A1B094FC4120",
			"blueprint": "0007754D66EDCF32",
			"properties": {
				"m_mTransform": {
					"type": "SMatrix43",
					"value": {
						"rotation": { "x": -0.0, "y": 0.0, "z": -0.0 },
						"position": { "x": 0.0, "y": 0.0, "z": 0.0 }
					}
				},
				"Clients": {
					"type": "TArray<SEntityTemplateReference>",
					"value": ["cafe9f7b516e510e"]
				},
				"ConstantVector1D_01_Value_op": {
					"type": "IRenderMaterialEntity.EModifierOperation",
					"value": "eReplace"
				},
				"ConstantVector1D_01_Value": {
					"type": "float32",
					"value": 2.0
				},
				"Active": { "type": "bool", "value": true },
				"ConstantVector1D_16_Value_op": {
					"type": "IRenderMaterialEntity.EModifierOperation",
					"value": "eReplace"
				},
				"ConstantVector1D_16_Value": {
					"type": "float32",
					"value": 0.5
				},
				"ConstantVector1D_03_Value_op": {
					"type": "IRenderMaterialEntity.EModifierOperation",
					"value": "eReplace"
				},
				"ConstantVector1D_03_Value": {
					"type": "float32",
					"value": 3.0
				},
				"ConstantVector1D_14_Value_op": {
					"type": "IRenderMaterialEntity.EModifierOperation",
					"value": "eReplace"
				},
				"ConstantVector1D_14_Value": {
					"type": "float32",
					"value": 0.05000000074505806
				},
				"Texture2D_01_enab": { "type": "bool", "value": true },
				"Texture2D_01": {
					"type": "ZRuntimeResourceID",
					"value": {
						"resource": "00F08D3650DDBA49",
						"flag": "5F"
					}
				},
				"Diffuse_Color_01_Value_op": {
					"type": "IRenderMaterialEntity.EModifierOperation",
					"value": "eReplace"
				},
				"Diffuse_Color_01_Value": {
					"type": "SColorRGB",
					"value": "#5d4f42"
				},
				"ConstantVector1D_13_Value_op": {
					"type": "IRenderMaterialEntity.EModifierOperation",
					"value": "eReplace"
				},
				"ConstantVector1D_13_Value": {
					"type": "float32",
					"value": 0.0
				},
				"Texture2D_03_enab": { "type": "bool", "value": true },
				"ConstantVector1D_15_Value_op": {
					"type": "IRenderMaterialEntity.EModifierOperation",
					"value": "eReplace"
				},
				"ConstantVector1D_15_Value": {
					"type": "float32",
					"value": 4.0
				},
				"Diffuse_Saturation_01_Value_op": {
					"type": "IRenderMaterialEntity.EModifierOperation",
					"value": "eReplace"
				},
				"Diffuse_Saturation_01_Value": {
					"type": "float32",
					"value": 0.0
				},
				"Texture2DNormal_01_enab": {
					"type": "bool",
					"value": true
				},
				"Texture2DNormal_01": {
					"type": "ZRuntimeResourceID",
					"value": {
						"resource": "001F051613CA8604",
						"flag": "5F"
					}
				},
				"m_eidParent": {
					"type": "SEntityTemplateReference",
					"value": "22ea5f8267450642",
					"postInit": true
				}
			}
		},
		"cafefc52b7c803d3": {
			"parent": "22ea5f8267450642",
			"name": "legs_ankle_shoe",
			"factory": "00ABDD120246BCDC",
			"blueprint": "0021DE526F3B8B7D"
		},
		"cafe2767ce0e8f33": {
			"parent": "22ea5f8267450642",
			"name": "Agent47_Shoes_BoatLoafers",
			"factory": "007B544B592E2620",
			"blueprint": "00E2C30B7B4A9AB9",
			"properties": {
				"ConstantVector1D_01_Value": {
					"type": "float32",
					"value": 0.5
				},
				"Diffuse_Color_01_Value": {
					"type": "SColorRGB",
					"value": "#fcfcfc"
				},
				"Diffuse_Saturation_01_Value": {
					"type": "float32",
					"value": 1.0
				},
				"ConstantVector1D_03_Value": {
					"type": "float32",
					"value": 0.800000011920929
				},
				"ConstantVector1D_04_Value": {
					"type": "float32",
					"value": -0.05000000074505806
				}
			}
		}
	},
	"propertyOverrides": [],
	"overrideDeletes": [],
	"pinConnectionOverrides": [],
	"pinConnectionOverrideDeletes": [],
	"externalScenes": [],
	"subType": "template",
	"quickEntityVersion": 3.1,
	"extraFactoryDependencies": [
		{
			"resource": "[assembly:/_pro/characters/assets/individuals/paris/philip/textures/male_reg_philip_01_tie_01.texture?/specular_f.tex](ascolormap).pc_tex",
			"flag": "5F"
		},
		{
			"resource": "[assembly:/_pro/characters/assets/individuals/paris/philip/textures/male_reg_philip_01_tie_01.texture?/normal_a.tex](asnormalmap).pc_tex",
			"flag": "5F"
		},
		{ "resource": "00357C8C30F5EDF2", "flag": "5F" },
		{ "resource": "00324339E7353795", "flag": "5F" },
		{ "resource": "00C197DBB1B74FF6", "flag": "5F" },
		{ "resource": "007E2F6DB1068A8D", "flag": "5F" },
		{ "resource": "00AAD107E192CFAE", "flag": "5F" },
		{ "resource": "0063B05E0712FBB3", "flag": "5F" },
		{ "resource": "007D850436B0A092", "flag": "5F" },
		{ "resource": "00D247582859CA87", "flag": "5F" },
		{ "resource": "00D20CA72E352D16", "flag": "5F" },
		{ "resource": "001EE759F57B6DCE", "flag": "5F" },
		{ "resource": "0051A1136DC9485E", "flag": "5F" },
		{ "resource": "00E4CE86EE7A5CC2", "flag": "5F" },
		{ "resource": "00FFC5352D7A5D64", "flag": "5F" },
		{ "resource": "001083E516801F5E", "flag": "5F" },
		{ "resource": "002E38C4C7E4A025", "flag": "5F" },
		{ "resource": "00D8722973695FDC", "flag": "5F" },
		{ "resource": "00CCF189D80F8682", "flag": "5F" },
		{ "resource": "008352F84E1949F2", "flag": "5F" },
		{ "resource": "0062E48BEB6DF280", "flag": "5F" },
		{ "resource": "006A3CDF8C2ED4E6", "flag": "5F" },
		{ "resource": "006A40A918C06460", "flag": "5F" },
		{ "resource": "00B40E9503CF9271", "flag": "5F" }
	],
	"extraBlueprintDependencies": [],
	"comments": []
}
