{
	"tempHash": "00097AA87B144150",
	"tbluHash": "00E738E7CF7A35E1",
	"patch": [
		{
			"SubEntityOperation": [
				"9e4c419f6c35f811",
				{
					"AddProperty": [
						"m_bWeaponsAllowed",
						{ "type": "bool", "value": true }
					]
				}
			]
		},
		{
			"SubEntityOperation": [
				"9e4c419f6c35f811",
				{
					"AddProperty": [
						"m_aWeaponsAllowedExceptionKeywords",
						{
							"type": "TArray<SEntityTemplateReference>",
							"value": ["cafe9df57369d995"],
							"postInit": true
						}
					]
				}
			]
		},
		{
			"SubEntityOperation": [
				"471db93f370bbf5b",
				{
					"SetFactory": "[assembly:/_pro/characters/templates/hero/agent47/agent47_outfits.template?/charset_agent47_blackmilitary.entitytemplate].pc_entitytype"
				}
			]
		},
		{
			"SubEntityOperation": [
				"471db93f370bbf5b",
				{
					"SetBlueprint": "[assembly:/_pro/characters/templates/hero/agent47/agent47_outfits.template?/charset_agent47_blackmilitary.entitytemplate].pc_entityblueprint"
				}
			]
		},
		{
			"AddEntity": [
				"cafe9df57369d995",
				{
					"parent": "9e4c419f6c35f811",
					"name": "Keyword_ITEM_SNIPER_RIFLE",
					"factory": "[assembly:/_pro/design/gamecore/keywords/keyworditems.template?/keyword_item_sniper_rifle.entitytemplate].pc_entitytype",
					"blueprint": "[assembly:/_pro/design/gamecore/keywords/keyworditems.template?/keyword_item_sniper_rifle.entitytemplate].pc_entityblueprint"
				}
			]
		}
	],
	"patchVersion": 6
}
