{
	"tempHash": "00FBD7421C7CE631",
	"tbluHash": "00F0381AC4BC0808",
	"rootEntity": "22ea5f8267450642",
	"entities": {
		"22ea5f8267450642": {
			"parent": null,
			"name": "OUTFIT_Agent47_SignatureSuit_HeroA_V0",
			"factory": "00028BAEA86DD2FD",
			"blueprint": "002045A6D2A25237",
			"properties": {
				"m_mTransform": {
					"type": "SMatrix43",
					"value": {
						"rotation": { "x": -0.0, "y": 0.0, "z": -0.0 },
						"position": {
							"x": -13.682169914245604,
							"y": 1.05794095993042,
							"z": 0.004666999913752079
						}
					}
				},
				"m_aBodyParts": {
					"type": "TArray<SEntityTemplateReference>",
					"value": [
						"ca9e86cfdaed4c16",
						"df28b22e2ba1029b",
						"cafed295eedab6b2",
						"cafe5a7e023b418a",
						"cafe3a75386cd926",
						"cafe2d71b36c1a7f",
						"cafe0e657db6dd60",
						"cafe82fd9a6b662a",
						"cafe4d8114ec985f"
					],
					"postInit": true
				},
				"m_pBonesAndCollisionResource": {
					"type": "ZRuntimeResourceID",
					"value": {
						"resource": "00E6D746D26D3871",
						"flag": "5F"
					}
				}
			}
		},
		"df28b22e2ba1029b": {
			"parent": "22ea5f8267450642",
			"name": "Hands",
			"factory": "009A6D9F7927FB89",
			"blueprint": "00F49463DEA8D412"
		},
		"ca9e86cfdaed4c16": {
			"parent": "22ea5f8267450642",
			"name": "Head_47",
			"factory": "00537D16B5CE7286",
			"blueprint": "00F2E4A932ECAA63"
		},
		"cafea47c8b1c96f6": {
			"parent": "22ea5f8267450642",
			"name": "Attacher_Head",
			"factory": "[assembly:/templates/aspectdummy.aspect]([modules:/zcompositeentity.class].entitytype,[modules:/zboneattachaspect.class].entitytype).pc_entitytype",
			"blueprint": "[assembly:/templates/aspectdummy.aspect]([modules:/zcompositeentity.class].entitytype,[modules:/zboneattachaspect.class].entitytype).pc_entityblueprint",
			"properties": {
				"m_BoneName": { "type": "ZString", "value": "Head" },
				"m_mTransform": {
					"type": "SMatrix43",
					"value": {
						"rotation": { "x": -0.0, "y": 0.0, "z": -0.0 },
						"position": { "x": 0.0, "y": 0.0, "z": 0.0 }
					}
				},
				"m_linkedEntity": {
					"type": "SEntityTemplateReference",
					"value": "22ea5f8267450642",
					"postInit": true
				},
				"m_eidParent": {
					"type": "SEntityTemplateReference",
					"value": "22ea5f8267450642",
					"postInit": true
				}
			}
		},
		"cafe4705333531bc": {
			"parent": "cafea47c8b1c96f6",
			"name": "hat_cap_flat_plain",
			"factory": "0006F4B94399BEE7",
			"blueprint": "008008263D5AF7C7",
			"properties": {
				"m_mTransform": {
					"type": "SMatrix43",
					"value": {
						"rotation": {
							"x": 6.179113658624292,
							"y": 89.36027788405707,
							"z": 160.55998219653875
						},
						"position": {
							"x": 0.07902999967336655,
							"y": 0.024633999913930893,
							"z": -0.00002300000051036477
						}
					}
				},
				"Diffuse_Color_01_Value": {
					"type": "SColorRGB",
					"value": "#3c3c3c"
				},
				"Texture2D_01": {
					"type": "ZRuntimeResourceID",
					"value": {
						"resource": "0050FB8CE2A1160F",
						"flag": "5F"
					}
				},
				"Texture2DNormal_01": {
					"type": "ZRuntimeResourceID",
					"value": {
						"resource": "006E6C5FAE473784",
						"flag": "5F"
					}
				},
				"m_rLinkedProxyEntity": {
					"type": "SEntityTemplateReference",
					"value": "22ea5f8267450642"
				},
				"m_PrimitiveScale": {
					"type": "SVector3",
					"value": {
						"x": 0.9316189885139464,
						"y": 0.9732249975204468,
						"z": 1.0
					}
				},
				"m_eidParent": {
					"type": "SEntityTemplateReference",
					"value": "cafea47c8b1c96f6"
				}
			}
		},
		"cafed295eedab6b2": {
			"parent": "22ea5f8267450642",
			"name": "Belt_StrapBuckle",
			"factory": "0017355DDB3D75A3",
			"blueprint": "005F1B0540C7F863",
			"properties": {
				"Diffuse_Color_01_Value": {
					"type": "SColorRGB",
					"value": "#292929"
				}
			}
		},
		"cafe5a7e023b418a": {
			"parent": "22ea5f8267450642",
			"name": "Gloves_Fingerless_BareKnuckle",
			"factory": "003F478DD3D14ECC",
			"blueprint": "0077724FEEE04B98",
			"properties": {
				"Diffuse_Color_01_Value": {
					"type": "SColorRGB",
					"value": "#262626"
				}
			}
		},
		"cafe3a75386cd926": {
			"parent": "22ea5f8267450642",
			"name": "Jacket_Military_LeatherPatch",
			"factory": "00921DA707DE5AF4",
			"blueprint": "00EFCD65CF412F6E",
			"properties": {
				"Diffuse_Color_01_Value": {
					"type": "SColorRGB",
					"value": "#505050"
				}
			}
		},
		"cafe2d71b36c1a7f": {
			"parent": "22ea5f8267450642",
			"name": "Pants_Dress_Regular_NoBrk",
			"factory": "007AFD22CAA820F2",
			"blueprint": "0042F784FA484B44",
			"properties": {
				"Diffuse_Color_01_Value": {
					"type": "SColorRGB",
					"value": "#4f4f4f"
				},
				"Texture2D_01": {
					"type": "ZRuntimeResourceID",
					"value": {
						"resource": "00AF802D36A4241A",
						"flag": "5F"
					}
				},
				"ConstantVector1D_01_Value": {
					"type": "float32",
					"value": 0.5
				}
			}
		},
		"cafe0e657db6dd60": {
			"parent": "22ea5f8267450642",
			"name": "Shoes_Sneakers_BasketBall_Low",
			"factory": "00FD72AE24CCFC10",
			"blueprint": "00D844F291298B8F",
			"properties": {
				"Diffuse_Color_01_Value": {
					"type": "SColorRGB",
					"value": "#232323"
				},
				"Diffuse_Saturation_01_Value": {
					"type": "float32",
					"value": 1.0
				},
				"Diffuse_Hue_Shift_01_Value": {
					"type": "float32",
					"value": 0.0
				}
			}
		},
		"cafe82fd9a6b662a": {
			"parent": "22ea5f8267450642",
			"name": "Socks_Ankle_Cut_Shoe",
			"factory": "00C50F4D59B78463",
			"blueprint": "0060BDFBAAFA9324",
			"properties": {
				"Diffuse_Color_01_Value": {
					"type": "SColorRGB",
					"value": "#2f3234"
				}
			}
		},
		"cafe4d8114ec985f": {
			"parent": "22ea5f8267450642",
			"name": "Sweater_Turtleneck_SlimFit_Cut_Jacket",
			"factory": "006C3EEF884DF54A",
			"blueprint": "00F1513610B6C5F2",
			"properties": {
				"Diffuse_Color_01_Value": {
					"type": "SColorRGB",
					"value": "#272d32"
				},
				"Diffuse_Saturation_01_Value": {
					"type": "float32",
					"value": 0.0
				}
			}
		}
	},
	"propertyOverrides": [],
	"overrideDeletes": [],
	"pinConnectionOverrides": [],
	"pinConnectionOverrideDeletes": [],
	"externalScenes": [],
	"subType": "template",
	"quickEntityVersion": 3.1,
	"extraFactoryDependencies": [
		{
			"resource": "[assembly:/_pro/characters/assets/individuals/paris/philip/textures/male_reg_philip_01_tie_01.texture?/specular_f.tex](ascolormap).pc_tex",
			"flag": "5F"
		},
		{
			"resource": "[assembly:/_pro/characters/assets/individuals/paris/philip/textures/male_reg_philip_01_tie_01.texture?/normal_a.tex](asnormalmap).pc_tex",
			"flag": "5F"
		},
		{ "resource": "00357C8C30F5EDF2", "flag": "5F" },
		{ "resource": "00324339E7353795", "flag": "5F" },
		{ "resource": "00C197DBB1B74FF6", "flag": "5F" },
		{ "resource": "007E2F6DB1068A8D", "flag": "5F" },
		{ "resource": "00AAD107E192CFAE", "flag": "5F" },
		{ "resource": "0063B05E0712FBB3", "flag": "5F" },
		{ "resource": "007D850436B0A092", "flag": "5F" },
		{ "resource": "00D247582859CA87", "flag": "5F" },
		{ "resource": "00D20CA72E352D16", "flag": "5F" },
		{ "resource": "001EE759F57B6DCE", "flag": "5F" },
		{ "resource": "0051A1136DC9485E", "flag": "5F" },
		{ "resource": "00E4CE86EE7A5CC2", "flag": "5F" },
		{ "resource": "00FFC5352D7A5D64", "flag": "5F" },
		{ "resource": "001083E516801F5E", "flag": "5F" },
		{ "resource": "002E38C4C7E4A025", "flag": "5F" },
		{ "resource": "00D8722973695FDC", "flag": "5F" },
		{ "resource": "00CCF189D80F8682", "flag": "5F" },
		{ "resource": "008352F84E1949F2", "flag": "5F" },
		{ "resource": "0062E48BEB6DF280", "flag": "5F" },
		{ "resource": "006A3CDF8C2ED4E6", "flag": "5F" },
		{ "resource": "006A40A918C06460", "flag": "5F" },
		{ "resource": "00B40E9503CF9271", "flag": "5F" }
	],
	"extraBlueprintDependencies": [],
	"comments": []
}
