{
	"tempHash": "00097AA87B144150",
	"tbluHash": "00E738E7CF7A35E1",
	"patch": [
		{
			"SubEntityOperation": [
				"d5da6e0eea089479",
				{
					"SetFactory": "[assembly:/_pro/characters/templates/hero/agent47/agent47_outfits.template?/charset_agent47_veteranfreelancer.entitytemplate].pc_entitytype"
				}
			]
		},
		{
			"SubEntityOperation": [
				"d5da6e0eea089479",
				{
					"SetBlueprint": "[assembly:/_pro/characters/templates/hero/agent47/agent47_outfits.template?/charset_agent47_veteranfreelancer.entitytemplate].pc_entityblueprint"
				}
			]
		},
		{
			"SubEntityOperation": [
				"723f6cb34bbd1471",
				{
					"SetPropertyValue": {
						"property_name": "m_eOutfitAICategory",
						"value": "OAC_Fallback"
					}
				}
			]
		}
	],
	"patchVersion": 6
}
