{
	"tempHash": "00097AA87B144150",
	"tbluHash": "00E738E7CF7A35E1",
	"patch": [
		{
			"SubEntityOperation": [
				"fe298748d77a6d46",
				{
					"SetFactory": "[assembly:/_pro/characters/templates/hero/agent47/agent47_outfits.template?/charset_agent47_wintertrainingsuit.entitytemplate].pc_entitytype"
				}
			]
		},
		{
			"SubEntityOperation": [
				"fe298748d77a6d46",
				{
					"SetBlueprint": "[assembly:/_pro/characters/templates/hero/agent47/agent47_outfits.template?/charset_agent47_wintertrainingsuit.entitytemplate].pc_entityblueprint"
				}
			]
		},
		{
			"SubEntityOperation": [
				"ddf2fdfd64a666b2",
				{
					"SetPropertyValue": {
						"property_name": "m_eSoundFootwearType",
						"value": "EFWT_SNEAKERS"
					}
				}
			]
		},
		{
			"SubEntityOperation": [
				"ddf2fdfd64a666b2",
				{
					"SetPropertyValue": {
						"property_name": "m_eOutfitAICategory",
						"value": "OAC_47TRAINING"
					}
				}
			]
		}
	],
	"patchVersion": 6
}
