{
	"tempHash": "00097AA87B144150",
	"tbluHash": "00E738E7CF7A35E1",
	"patch": [
		{
			"SubEntityOperation": [
				"aab2daf520460a20",
				{
					"SetFactory": "[assembly:/_pro/characters/templates/hero/agent47/agent47_outfits.template?/charset_agent47_tacticalsweater.entitytemplate].pc_entitytype"
				}
			]
		},
		{
			"SubEntityOperation": [
				"aab2daf520460a20",
				{
					"SetBlueprint": "[assembly:/_pro/characters/templates/hero/agent47/agent47_outfits.template?/charset_agent47_tacticalsweater.entitytemplate].pc_entityblueprint"
				}
			]
		},
		{
			"SubEntityOperation": [
				"a159e32010940e4f",
				{
					"AddProperty": [
						"m_bWeaponsAllowed",
						{ "type": "bool", "value": true }
					]
				}
			]
		},
		{
			"SubEntityOperation": [
				"a159e32010940e4f",
				{
					"AddProperty": [
						"m_aWeaponsAllowedExceptionKeywords",
						{
							"type": "TArray<SEntityTemplateReference>",
							"value": ["cafe189522c79745"],
							"postInit": true
						}
					]
				}
			]
		},
		{
			"AddEntity": [
				"cafe189522c79745",
				{
					"parent": "a159e32010940e4f",
					"name": "Keyword_ITEM_SNIPER_RIFLE",
					"factory": "[assembly:/_pro/design/gamecore/keywords/keyworditems.template?/keyword_item_sniper_rifle.entitytemplate].pc_entitytype",
					"blueprint": "[assembly:/_pro/design/gamecore/keywords/keyworditems.template?/keyword_item_sniper_rifle.entitytemplate].pc_entityblueprint"
				}
			]
		}
	],
	"patchVersion": 6
}
