{
	"tempHash": "00097AA87B144150",
	"tbluHash": "00E738E7CF7A35E1",
	"patch": [
		{ "RemoveEntityByID": "f3a811fe1b19db53" },
		{
			"SubEntityOperation": [
				"4bdca174df9cb63d",
				{
					"SetFactory": "[assembly:/_pro/characters/templates/hero/agent47/agent47_outfits.template?/charset_agent47_recongear.entitytemplate].pc_entitytype"
				}
			]
		},
		{
			"SubEntityOperation": [
				"4bdca174df9cb63d",
				{
					"SetBlueprint": "[assembly:/_pro/characters/templates/hero/agent47/agent47_outfits.template?/charset_agent47_recongear.entitytemplate].pc_entityblueprint"
				}
			]
		},
		{
			"SubEntityOperation": [
				"de223791fd2dcf0a",
				{
					"SetPropertyValue": {
						"property_name": "m_eSoundFootwearType",
						"value": "EFWT_SWAT_BOOTS"
					}
				}
			]
		},
		{
			"SubEntityOperation": [
				"de223791fd2dcf0a",
				{
					"SetPropertyValue": {
						"property_name": "m_eOutfitAICategory",
						"value": "OAC_SpecOps"
					}
				}
			]
		},
		{
			"SubEntityOperation": [
				"de223791fd2dcf0a",
				{
					"AddProperty": [
						"m_bWeaponsAllowed",
						{ "type": "bool", "value": true }
					]
				}
			]
		},
		{
			"SubEntityOperation": [
				"de223791fd2dcf0a",
				{
					"AddProperty": [
						"m_DamageMultipliers",
						{
							"type": "SBodyPartDamageMultipliers",
							"value": {
								"m_fHeadDamageMultiplier": 1.0,
								"m_fFaceDamageMultiplier": 1.0,
								"m_fArmDamageMultiplier": 1.0,
								"m_fLArmDamageScalar": 0.0,
								"m_fRArmDamageScalar": 0.0,
								"m_fHandDamageMultiplier": 0.5,
								"m_fLHandDamageScalar": 0.0,
								"m_fRHandDamageScalar": 0.0,
								"m_fLegDamageMultiplier": 0.6000000238418579,
								"m_fLLegDamageScalar": 0.0,
								"m_fRLegDamageScalar": 0.0,
								"m_fTorsoDamageMultiplier": 0.4,
								"m_bApplyLeftRightScalars": false
							}
						}
					]
				}
			]
		},
		{
			"AddEntity": [
				"cafe9c55bb66857f",
				{
					"parent": "de223791fd2dcf0a",
					"name": "Prof_Colorado_MilitiaSpecOps",
					"factory": "[assembly:/_pro/design/actor/profession.template?/prof_colorado_militiaspecops.entitytemplate].pc_entitytype",
					"blueprint": "[assembly:/_pro/design/actor/profession.template?/prof_colorado_militiaspecops.entitytemplate].pc_entityblueprint",
					"properties": {
						"m_aHolders": {
							"type": "TArray<SEntityTemplateReference>",
							"value": ["de223791fd2dcf0a"],
							"postInit": true
						}
					}
				}
			]
		}
	],
	"patchVersion": 6
}
