{
	"tempHash": "00B600BDD50F263A",
	"tbluHash": "0042B7755B84F022",
	"rootEntity": "22ea5f8267450642",
	"entities": {
		"22ea5f8267450642": {
			"parent": null,
			"name": "OUTFIT_Agent47_casualpolo_HeroA_V0",
			"factory": "[assembly:/templates/aspectdummy.aspect]([modules:/zlinkedproxyentity.class].entitytype,[modules:/zclothcharacterentity.class].entitytype,[modules:/zheroidlenetworkaspect.class].entitytype).pc_entitytype",
			"blueprint": "[assembly:/templates/aspectdummy.aspect]([modules:/zlinkedproxyentity.class].entitytype,[modules:/zclothcharacterentity.class].entitytype,[modules:/zheroidlenetworkaspect.class].entitytype).pc_entityblueprint",
			"properties": {
				"m_ResourceID": {
					"type": "ZRuntimeResourceID",
					"value": null
				},
				"m_fLODScale": { "type": "float32", "value": 1.0 },
				"m_mTransform": {
					"type": "SMatrix43",
					"value": {
						"rotation": { "x": -0.0, "y": 0.0, "z": -0.0 },
						"position": {
							"x": 39.068450927734375,
							"y": 4.066530227661133,
							"z": 0.0
						}
					}
				},
				"m_pBonesAndCollisionResource": {
					"type": "ZRuntimeResourceID",
					"value": {
						"resource": "0017416135CF879C",
						"flag": "5F"
					}
				},
				"m_bUsePerVertexStiffness": {
					"type": "bool",
					"value": true
				},
				"m_LocalColliders": {
					"type": "TArray<SEntityTemplateReference>",
					"value": []
				},
				"m_bGlobalCollidersEnabled": {
					"type": "bool",
					"value": false
				},
				"m_fDamping": { "type": "float32", "value": 1.0 },
				"m_fBendStiffness": { "type": "float32", "value": 1.0 },
				"m_bUsePerVertexDamping": {
					"type": "bool",
					"value": true
				},
				"m_fShearStiffness": { "type": "float32", "value": 1.0 },
				"m_bUseSkinningPosNormalConstrains": {
					"type": "bool",
					"value": true
				},
				"m_bUseSkinningNegNormalConstrains": {
					"type": "bool",
					"value": true
				},
				"m_nIterations": { "type": "uint32", "value": 2 },
				"m_fFrequency": { "type": "float32", "value": 90.0 },
				"m_vTranslationScale": {
					"type": "SVector3",
					"value": {
						"x": 0.10000000149011612,
						"y": 0.10000000149011612,
						"z": 0.10000000149011612
					}
				},
				"m_vGravity": {
					"type": "SVector3",
					"value": { "x": 0.0, "y": 0.0, "z": -13.0 }
				},
				"m_fLODOffset": { "type": "float32", "value": 100.0 },
				"m_fDragConstant": { "type": "float32", "value": 1.0 },
				"m_eStretchConstrainType": {
					"type": "EClothStretchConstrainType",
					"value": "eClothBendConstrainType_LRA"
				},
				"m_fAngularVelocityThreshold": {
					"type": "float32",
					"value": 60.0
				},
				"m_eRootBone": {
					"type": "BoneId.Enum",
					"value": "PELVIS"
				},
				"m_bEnableAngularVelocityScale": {
					"type": "bool",
					"value": true
				},
				"m_eBendConstrainType": {
					"type": "EClothBendConstrainType",
					"value": "eClothBendConstrainType_Triangle"
				},
				"m_bRandomStartState": { "type": "bool", "value": true },
				"m_fWindConstant": {
					"type": "float32",
					"value": 0.10000000149011612
				},
				"m_bSimulationEnabled": { "type": "bool", "value": true },
				"m_aBodyParts": {
					"type": "TArray<SEntityTemplateReference>",
					"value": [
						"ca9e86cfdaed4c16",
						"cafec2c4c643e569",
						"cafe8fe235958eab",
						"cafeaaa873026d6c",
						"cafe2bda189cacfd",
						"cafec34cd8d42025",
						"cafe2c8900a7401d"
					],
					"postInit": true
				}
			}
		},
		"ca9e86cfdaed4c16": {
			"parent": "22ea5f8267450642",
			"name": "Head_47",
			"factory": "00537D16B5CE7286",
			"blueprint": "00F2E4A932ECAA63"
		},
		"cafeaaa873026d6c": {
			"parent": "22ea5f8267450642",
			"name": "Pants_Dress_Regular",
			"factory": "00324595397CC0A5",
			"blueprint": "00D58D62EFA4579E",
			"properties": {
				"Diffuse_Color_01_Value": {
					"type": "SColorRGB",
					"value": "#e9dcc9"
				},
				"Texture2D_01": {
					"type": "ZRuntimeResourceID",
					"value": {
						"resource": "00AF802D36A4241A",
						"flag": "5F"
					}
				},
				"ConstantVector1D_01_Value": {
					"type": "float32",
					"value": 0.5
				}
			}
		},
		"cafe2bda189cacfd": {
			"parent": "22ea5f8267450642",
			"name": "Shoes_Derby_PlainToe_SquareTip",
			"factory": "0002AF51C3F2ECC9",
			"blueprint": "00C8130EBB5A0F37",
			"properties": {
				"Diffuse_Color_01_Value": {
					"type": "SColorRGB",
					"value": "#734b38"
				},
				"Diffuse_Hue_Shift_01_Value": {
					"type": "float32",
					"value": 0.0
				}
			}
		},
		"cafe8fe235958eab": {
			"parent": "22ea5f8267450642",
			"name": "Arms_Biceps_Hand",
			"factory": "0081BA55B3D8292E",
			"blueprint": "00CFA61BB1571AF8"
		},
		"cafec2c4c643e569": {
			"parent": "22ea5f8267450642",
			"name": "Torso_Neck",
			"factory": "00D43167687E61AD",
			"blueprint": "007E9340AD2C2425"
		},
		"cafec34cd8d42025": {
			"parent": "22ea5f8267450642",
			"name": "Poloshirt_RegFit_Tkd",
			"factory": "00D2EC2A369E5D77",
			"blueprint": "003C18D407FFE6AF",
			"properties": {
				"Diffuse_Color_01_Value": {
					"type": "SColorRGB",
					"value": "#23233a"
				},
				"ConstantVector1D_01_Value": {
					"type": "float32",
					"value": 0.699999988079071
				},
				"ConstantVector1D_14_Value": {
					"type": "float32",
					"value": 0.5
				}
			}
		},
		"cafe2c8900a7401d": {
			"parent": "22ea5f8267450642",
			"name": "Belt_SnapBuckle",
			"factory": "00374424F12366CA",
			"blueprint": "000E31C6E6B40637",
			"properties": {
				"Diffuse_Color_01_Value": {
					"type": "SColorRGB",
					"value": "#614431"
				},
				"Diffuse_Hue_Shift_01_Value": {
					"type": "float32",
					"value": 0.0
				}
			}
		},
		"cafed155e0a63d32": {
			"parent": "22ea5f8267450642",
			"name": "Attacher_Wrist_L",
			"factory": "[assembly:/templates/aspectdummy.aspect]([modules:/zcompositeentity.class].entitytype,[modules:/zboneattachaspect.class].entitytype).pc_entitytype",
			"blueprint": "[assembly:/templates/aspectdummy.aspect]([modules:/zcompositeentity.class].entitytype,[modules:/zboneattachaspect.class].entitytype).pc_entityblueprint",
			"properties": {
				"m_BoneName": {
					"type": "ZString",
					"value": "L_ForeTwist2"
				},
				"m_linkedEntity": {
					"type": "SEntityTemplateReference",
					"value": "22ea5f8267450642",
					"postInit": true
				},
				"m_eidParent": {
					"type": "SEntityTemplateReference",
					"value": "22ea5f8267450642",
					"postInit": true
				}
			}
		},
		"cafe692654195e7b": {
			"parent": "cafed155e0a63d32",
			"name": "Watch_Stone",
			"factory": "00223BFE91C07EAF",
			"blueprint": "007DD70C233C978B",
			"properties": {
				"m_mTransform": {
					"type": "SMatrix43",
					"value": {
						"rotation": {
							"x": -1.2621630622566844,
							"y": -0.18907639366530263,
							"z": -90.14564686601838
						},
						"position": {
							"x": 0.06766200065612793,
							"y": -0.00023499999952036887,
							"z": 0.004786999896168709
						}
					}
				},
				"m_PrimitiveScale": {
					"type": "SVector3",
					"value": {
						"x": 1.0950000286102295,
						"y": 1.0950000286102295,
						"z": 1.1050000190734863
					}
				},
				"m_eidParent": {
					"type": "SEntityTemplateReference",
					"value": "cafed155e0a63d32"
				}
			}
		},
		"cafe9a5bc49eba9a": {
			"parent": "22ea5f8267450642",
			"name": "Attacher_Head",
			"factory": "[assembly:/templates/aspectdummy.aspect]([modules:/zcompositeentity.class].entitytype,[modules:/zboneattachaspect.class].entitytype).pc_entitytype",
			"blueprint": "[assembly:/templates/aspectdummy.aspect]([modules:/zcompositeentity.class].entitytype,[modules:/zboneattachaspect.class].entitytype).pc_entityblueprint",
			"properties": {
				"m_BoneName": { "type": "ZString", "value": "Head" },
				"m_linkedEntity": {
					"type": "SEntityTemplateReference",
					"value": "22ea5f8267450642"
				},
				"m_mTransform": {
					"type": "SMatrix43",
					"value": {
						"rotation": { "x": -0.0, "y": 0.0, "z": -0.0 },
						"position": { "x": 0.0, "y": 0.0, "z": 0.0 }
					}
				},
				"m_eidParent": {
					"type": "SEntityTemplateReference",
					"value": "22ea5f8267450642"
				}
			}
		},
		"cafea571d9ca26f1": {
			"parent": "cafe9a5bc49eba9a",
			"name": "glasses_47_miami",
			"factory": "00D0D8A9FA7D6B43",
			"blueprint": "00127637484C9445",
			"properties": {
				"m_mTransform": {
					"type": "SMatrix43",
					"value": {
						"rotation": {
							"x": -0.0,
							"y": 89.90213720978818,
							"z": 173.35846158856168
						},
						"position": {
							"x": 0.07975500077009201,
							"y": 0.00867099966853857,
							"z": 0.00005400000009103678
						}
					}
				},
				"m_eidParent": {
					"type": "SEntityTemplateReference",
					"value": "cafe9a5bc49eba9a"
				},
				"m_PrimitiveScale": {
					"type": "SVector3",
					"value": {
						"x": 0.9563239812850952,
						"y": 0.975000023841858,
						"z": 0.975000023841858
					}
				},
				"m_rLinkedProxyEntity": {
					"type": "SEntityTemplateReference",
					"value": "22ea5f8267450642"
				}
			}
		},
		"cafeee6e4208bca5": {
			"parent": "22ea5f8267450642",
			"name": "FX_Hitman_Wet_Logic_Character",
			"factory": "0067CFB703A80787",
			"blueprint": "00AA88C960CD2080",
			"properties": {
				"HeadMaterialToOverride": {
					"type": "ZRuntimeResourceID",
					"value": {
						"resource": "009F7978C601815A",
						"flag": "5F"
					}
				},
				"HeadMaterialOverride": {
					"type": "TArray<SEntityTemplateReference>",
					"value": ["22ea5f8267450642"],
					"postInit": true
				}
			},
			"events": {
				"HitmanWetness": {
					"T": [
						"cafea01f5f832afc",
						"cafef8c38716ab64",
						"cafe2d2e52172512",
						"cafe35ed0e78dbd0"
					]
				}
			}
		},
		"cafef8c38716ab64": {
			"parent": "cafeee6e4208bca5",
			"name": "Lerp bumpmap",
			"factory": "[modules:/zmathlerp.class].pc_entitytype",
			"blueprint": "[modules:/zmathlerp.class].pc_entityblueprint",
			"properties": {
				"m_fT": { "type": "float32", "value": 0.0 },
				"m_A": { "type": "float32", "value": 0 },
				"m_B": { "type": "float32", "value": 2 }
			},
			"events": { "Lerp": { "ConstantVector1D_06_Value": [] } }
		},
		"cafe2d2e52172512": {
			"parent": "cafeee6e4208bca5",
			"name": "Lerp roughness other",
			"factory": "[modules:/zmathlerp.class].pc_entitytype",
			"blueprint": "[modules:/zmathlerp.class].pc_entityblueprint",
			"properties": {
				"m_B": { "type": "float32", "value": 0.4000000059604645 },
				"m_A": { "type": "float32", "value": 0.0 },
				"m_fT": { "type": "float32", "value": 0.0 }
			},
			"events": {
				"Lerp": {
					"ConstantVector1D_04_Value": [
						"cafe2bda189cacfd",
						"cafe2c8900a7401d",
						"cafe8fe235958eab"
					]
				}
			}
		},
		"cafea01f5f832afc": {
			"parent": "cafeee6e4208bca5",
			"name": "Lerp albedo",
			"factory": "[modules:/zmathlerp.class].pc_entitytype",
			"blueprint": "[modules:/zmathlerp.class].pc_entityblueprint",
			"properties": {
				"m_fT": { "type": "float32", "value": 0 },
				"m_B": { "type": "float32", "value": 0.4 }
			},
			"events": { "Lerp": { "ConstantVector1D_01_Value": [] } }
		},
		"cafe35ed0e78dbd0": {
			"parent": "cafeee6e4208bca5",
			"name": "Lerp roughness fabric",
			"factory": "[modules:/zmathlerp.class].pc_entitytype",
			"blueprint": "[modules:/zmathlerp.class].pc_entityblueprint",
			"properties": {
				"m_A": { "type": "float32", "value": 0.5 },
				"m_fT": { "type": "float32", "value": 0.0 },
				"m_B": { "type": "float32", "value": 1.5 }
			},
			"events": { "Lerp": { "ConstantVector1D_14_Value": [] } }
		}
	},
	"propertyOverrides": [],
	"overrideDeletes": [],
	"pinConnectionOverrides": [],
	"pinConnectionOverrideDeletes": [],
	"externalScenes": [],
	"subType": "template",
	"quickEntityVersion": 3.1,
	"extraFactoryDependencies": [
		{
			"resource": "[assembly:/_pro/characters/assets/individuals/paris/philip/textures/male_reg_philip_01_tie_01.texture?/specular_f.tex](ascolormap).pc_tex",
			"flag": "5F"
		},
		{
			"resource": "[assembly:/_pro/characters/assets/individuals/paris/philip/textures/male_reg_philip_01_tie_01.texture?/normal_a.tex](asnormalmap).pc_tex",
			"flag": "5F"
		},
		{ "resource": "00357C8C30F5EDF2", "flag": "5F" },
		{ "resource": "00324339E7353795", "flag": "5F" },
		{ "resource": "00C197DBB1B74FF6", "flag": "5F" },
		{ "resource": "007E2F6DB1068A8D", "flag": "5F" },
		{ "resource": "00AAD107E192CFAE", "flag": "5F" },
		{ "resource": "0063B05E0712FBB3", "flag": "5F" },
		{ "resource": "007D850436B0A092", "flag": "5F" },
		{ "resource": "00D247582859CA87", "flag": "5F" },
		{ "resource": "00D20CA72E352D16", "flag": "5F" },
		{ "resource": "001EE759F57B6DCE", "flag": "5F" },
		{ "resource": "0051A1136DC9485E", "flag": "5F" },
		{ "resource": "00E4CE86EE7A5CC2", "flag": "5F" },
		{ "resource": "00FFC5352D7A5D64", "flag": "5F" },
		{ "resource": "001083E516801F5E", "flag": "5F" },
		{ "resource": "002E38C4C7E4A025", "flag": "5F" },
		{ "resource": "00D8722973695FDC", "flag": "5F" },
		{ "resource": "00CCF189D80F8682", "flag": "5F" },
		{ "resource": "008352F84E1949F2", "flag": "5F" },
		{ "resource": "0062E48BEB6DF280", "flag": "5F" },
		{ "resource": "006A3CDF8C2ED4E6", "flag": "5F" },
		{ "resource": "006A40A918C06460", "flag": "5F" },
		{ "resource": "00B40E9503CF9271", "flag": "5F" }
	],
	"extraBlueprintDependencies": [],
	"comments": []
}
