{
	"tempHash": "00097AA87B144150",
	"tbluHash": "00E738E7CF7A35E1",
	"patch": [
		{
			"SubEntityOperation": [
				"591742ed66010fa6",
				{ "SetFactory": "0070CB9056C77923" }
			]
		},
		{
			"SubEntityOperation": [
				"591742ed66010fa6",
				{ "SetBlueprint": "005285C6F0F05103" }
			]
		},
		{
			"SubEntityOperation": [
				"93ea440e7b54c958",
				{
					"SetPropertyValue": {
						"property_name": "m_eSoundFootwearType",
						"value": "EFWT_SWAT_BOOTS"
					}
				}
			]
		},
		{
			"SubEntityOperation": [
				"93ea440e7b54c958",
				{
					"SetPropertyValue": {
						"property_name": "m_eOutfitAICategory",
						"value": "OAC_SpecOps"
					}
				}
			]
		},
		{
			"SubEntityOperation": [
				"93ea440e7b54c958",
				{
					"AddProperty": [
						"m_bWeaponsAllowed",
						{ "type": "bool", "value": true }
					]
				}
			]
		}
	],
	"patchVersion": 6
}
